claim_id,claim_text,정답구간,정답구간_본문,어노테이터_근거,BM25_1위,임베딩_1위,하이브리드_1위,BM25_1위_본문,임베딩_1위_본문,하이브리드_1위_본문,BM25_정답순위,임베딩_정답순위,하이브리드_정답순위
bio_04__gemini_s01_c01,압타머를 이용한 새로운 혈흔 탐지 방법의 개발,w3_001,"경찰학연구 제23권 제4호(통권 제76호) 2023 https://doi.org/10.22816/polsci.20 23.23.4.135

압타머를 이용한 새로운 혈흔 탐지 방법의 개발

Development of a novel detection method for the analysis of

bloodstain using an aptam er Ⅰ. 서론 Ⅱ. 재료 및 방법",[예린] 압타머를 이용한 새로운 혈흔 탐지 방법의 개발,w3_069,w3_025,w3_026,"본 연구에서는 인간 특이적인 혈흔 검출의 새로운 방법을 제시하기 위하여 인간 면역글로

불린 G 압타머를 이용하여 압타센서를 제작하고 인간 혈흔 탐지능력의 검증과 법과학적 유

으로 보아 혈흔 탐지를 위한 새로운 기법으로 사용될 수 있음을 판단하였다. x148 경찰학연구 제23권 제4호(통권 제76호) <그림 12> 압타센서 처리 후 분석된 DNA 프로파일링 (A: GlobalFiler™ PCR Amplification Kit, B: PowerPle x® Fusion System) 이로써, 본 연구에서 개발한 AS-10과 AS-11은 혈흔 탐지를 위한 새로운 기법으로 혈흔 예비검사 이후 수행되는 DNA 추출, 정량 및 DNA 프로필 분석에도 영향을 미치지 않는 것 으로 보아 혈흔 탐지를 위한 새로운 기법으로 사용될 수 있음을 판단하였다. Ⅳ. 결 론 본 연구에서는 인간 특이적인 혈흔 검출의 새로운 방법을 제시하기 위하여 인간 면역글로 불린 G 압타머를 이용하여 압타센서를 제작하고 인간 혈흔 탐지능력의 검증과 법과학적 유압타머를 이용한 새로운 혈흔 탐지 방법의 개발

효성 검사를 수행하였고, 다음과 같은 결론을 도출하였다.","Joo-Young 14) 하지만 압타머를 이용하여 인간 혈흔 특이적인 검출 방법을 개발한 연구는 아직 8 ) C r e a m e r J I 외 , A c o m p r e h e n s i v e e x p e r i m e n t a l s t u d y o f i n d u s t r ial, domestic and environmental 경찰학연구 제23권 제4호(통권 제76호) 보고된 바가 없으므로 본 연구를 수행하기로 하였다.

본 연구에서는 혈흔을 탐지하는 새로운 방법으로서 압타머를 이용하였다. 인간 면역글로 불린 G를 타겟하는 압타머를 이용하여 압타센서를 제작하였고 압타센서의 검증과 더불어","14) 하지만 압타머를 이용하여 인간 혈흔 특이적인 검출 방법을 개발한 연구는 아직 8 ) C r e a m e r J I 외 , A c o m p r e h e n s i v e e x p e r i m e n t a l s t u d y o f i n d u s t r ial, domestic and environmental 경찰학연구 제23권 제4호(통권 제76호) 보고된 바가 없으므로 본 연구를 수행하기로 하였다.

본 연구에서는 혈흔을 탐지하는 새로운 방법으로서 압타머를 이용하였다. 인간 면역글로 불린 G를 타겟하는 압타머를 이용하여 압타센서를 제작하였고 압타센서의 검증과 더불어 Ⅱ. 재료 및 방법",3,5,2
bio_04__gemini_s02_c03,대표적 예비시험: 산화-환원 반응을 통한 대표적인 화학발광 혈흔 탐지법,w3_010 w3_011,"Ⅰ. 서 론 범죄 현장에서 채취된 증거물은 사건 해결에 중요한 단서를 제공할 수 있으며, 특히 지 문, 혈흔, 타액, 정액 및 모발과 같은 생물학적 증거물은 개인 식별을 통한 사건 해결에 중

일반적으로 혈흔으로 의심되는 증거물에 대해서는 예비시험 (presumptive assay)과 확증시험 (confirmatory assay)을 통해 혈액 및 인혈 여부를 판단한다. 대부분의 예비시험은 요한 역할을 수행할 수 있다.","[예린] 일반적으로 혈흔으로 의심되는 증거물에 대해서는 예비시험 (presumptive assay)과 확
증시험 (confirmatory assay)을 통해 혈액 및 인혈 여부를 판단한다. 대부분의 예비시험은
기본적으로 산화-환원 반응의 원리에 기초한다.",w3_014,w3_016,w3_014,5) 루미놀에 의한 혈흔 예비시험은 빠르고 쉬울 뿐만 아니라 루미놀 반응 이후에 수행되는 유전자 검출 반응에도 영향을 주지 않는다 기본적으로 산화-환원 반응의 원리에 기초한다.,"기본적으로 산화-환원 반응의 원리에 기초한다. 혈액 내 헤모글로빈의 헴 (heme) 촉매 하증거물 중 하나로, 범죄 현장에서 육안으로 식별이 가능하여 이를 통한 혈흔 형태 분석 및 1 ) V i r k l e r K 외 , A n a l y s i s o f b o d y f l u i d s f o r f o r e n s i c p u r p o s e s : from laboratory testing to non-destructive 압타머를 이용한 새로운 혈흔 탐지 방법의 개발간과 같은 금속이온 등은 루미놀의 위양성 반응을 나타낼 수 있다. 루미놀에 대한 비특이적 반응의 한계점을 보완하기 위한 연구들이 수행된 바 있지만, 아직 범죄 현장에 적용 가 9) 따라서 혈흔을 탐지하는 방법의 높은 민감성과 특이",5) 루미놀에 의한 혈흔 예비시험은 빠르고 쉬울 뿐만 아니라 루미놀 반응 이후에 수행되는 유전자 검출 반응에도 영향을 주지 않는다 기본적으로 산화-환원 반응의 원리에 기초한다.,9,못 찾음,14
bio_04__gemini_s02_c04,높은 민감도: 육안으로 보이지 않는 극미량의 잠재 혈흔 탐지 가능,w3_017 w3_018,"혈액 내 헤모글로빈의 헴 (heme) 촉매 하증거물 중 하나로, 범죄 현장에서 육안으로 식별이 가능하여 이를 통한 혈흔 형태 분석 및 1 ) V i r k l e r K 외 , A n a l y s i s o f b o d y f l u i d s f o r f o r e n s i c p u r p o s e s : from laboratory testing to non-destructive 압타머를 이용한 새로운 혈흔 탐지 방법의 개발간과 같은 금속이온 등은 루미놀의 위양성 반응을 나타낼 수 있다. 루미놀에 대한 비특이적 반응의 한계점을 보완하기 위한 연구들이 수행된 바 있지만, 아직 범죄 현장에 적용 가 9) 따라서 혈흔을 탐지하는 방법의 높은 민감성과 특이 성을 갖는 검출 방법에 대한 연구는 그 필요성이 지속적으로 요구되어지고 있다.",[예린] 따라서 혈흔을 탐지하는 방법의 높은 민감성과 특이 성을 갖는 검출 방법에 대한 연구는 그 필요성이 지속적으로 요구되어지고 있다,w3_017,w3_017,w3_017,"혈액 내 헤모글로빈의 헴 (heme) 촉매 하증거물 중 하나로, 범죄 현장에서 육안으로 식별이 가능하여 이를 통한 혈흔 형태 분석 및 1 ) V i r k l e r K 외 , A n a l y s i s o f b o d y f l u i d s f o r f o r e n s i c p u r p o s e s : from laboratory testing to non-destructive 압타머를 이용한 새로운 혈흔 탐지 방법의 개발간과 같은 금속이온 등은 루미놀의 위양성 반응을 나타낼 수 있다. 루미놀에 대한 비특이적 반응의 한계점을 보완하기 위한 연구들이 수행된 바 있지만, 아직 범죄 현장에 적용 가 9) 따라서 혈흔을 탐지하는 방법의 높은 민감성과 특이 성을 갖는 검출 방법에 대한 연구는 그 필요성이 지속적으로 요구되어지고 있다.","혈액 내 헤모글로빈의 헴 (heme) 촉매 하증거물 중 하나로, 범죄 현장에서 육안으로 식별이 가능하여 이를 통한 혈흔 형태 분석 및 1 ) V i r k l e r K 외 , A n a l y s i s o f b o d y f l u i d s f o r f o r e n s i c p u r p o s e s : from laboratory testing to non-destructive 압타머를 이용한 새로운 혈흔 탐지 방법의 개발간과 같은 금속이온 등은 루미놀의 위양성 반응을 나타낼 수 있다. 루미놀에 대한 비특이적 반응의 한계점을 보완하기 위한 연구들이 수행된 바 있지만, 아직 범죄 현장에 적용 가 9) 따라서 혈흔을 탐지하는 방법의 높은 민감성과 특이 성을 갖는 검출 방법에 대한 연구는 그 필요성이 지속적으로 요구되어지고 있다.","혈액 내 헤모글로빈의 헴 (heme) 촉매 하증거물 중 하나로, 범죄 현장에서 육안으로 식별이 가능하여 이를 통한 혈흔 형태 분석 및 1 ) V i r k l e r K 외 , A n a l y s i s o f b o d y f l u i d s f o r f o r e n s i c p u r p o s e s : from laboratory testing to non-destructive 압타머를 이용한 새로운 혈흔 탐지 방법의 개발간과 같은 금속이온 등은 루미놀의 위양성 반응을 나타낼 수 있다. 루미놀에 대한 비특이적 반응의 한계점을 보완하기 위한 연구들이 수행된 바 있지만, 아직 범죄 현장에 적용 가 9) 따라서 혈흔을 탐지하는 방법의 높은 민감성과 특이 성을 갖는 검출 방법에 대한 연구는 그 필요성이 지속적으로 요구되어지고 있다.",1,1,1
bio_04__gemini_s02_c05,후속 검사 호환: 반응 이후에도 DNA 추출 및 유전자 분석 수행 가능,w3_013 w3_014,"이 중, 혈흔은 범죄 현장에서 가장 흔하게 발견되는 생물학적 5) 루미놀에 의한 혈흔 예비시험은 빠르고 쉬울 뿐만 아니라 루미놀 반응 이후에 수행되는 유전자 검출 반응에도 영향을 주지 않는다","[예린] 루미놀에 의한 혈흔 예비시험은 빠르고
쉬울 뿐만 아니라 루미놀 반응 이후에 수행되는 유전자 검출 반응에도 영향을 주지 않는다
는 장점이 있다.",w3_015,w3_014,w3_015,"쉬울 뿐만 아니라 루미놀 반응 이후에 수행되는 유전자 검출 반응에도 영향을 주지 않는다 기본적으로 산화-환원 반응의 원리에 기초한다. 혈액 내 헤모글로빈의 헴 (heme) 촉매 하증거물 중 하나로, 범죄 현장에서 육안으로 식별이 가능하여 이를 통한 혈흔 형태 분석 및 1 ) V i r k l e r K 외 , A n a l y s i s o f b o d y f l u i d s f o r f o r e n s i c p u r p o s e s : from laboratory testing to non-destructive 압타머를 이용한 새로운 혈흔 탐지 방법의 개발간과 같은 금속이온 등은 루미놀의 위양성 반응을 나타낼 수 있다. 루미놀에 대한 비특이적 반응의 한계점을 보완하기 위한 연구들이 수행된 바 있지만, 아직 범죄 현장에 적용 가",5) 루미놀에 의한 혈흔 예비시험은 빠르고 쉬울 뿐만 아니라 루미놀 반응 이후에 수행되는 유전자 검출 반응에도 영향을 주지 않는다 기본적으로 산화-환원 반응의 원리에 기초한다.,"쉬울 뿐만 아니라 루미놀 반응 이후에 수행되는 유전자 검출 반응에도 영향을 주지 않는다 기본적으로 산화-환원 반응의 원리에 기초한다. 혈액 내 헤모글로빈의 헴 (heme) 촉매 하증거물 중 하나로, 범죄 현장에서 육안으로 식별이 가능하여 이를 통한 혈흔 형태 분석 및 1 ) V i r k l e r K 외 , A n a l y s i s o f b o d y f l u i d s f o r f o r e n s i c p u r p o s e s : from laboratory testing to non-destructive 압타머를 이용한 새로운 혈흔 탐지 방법의 개발간과 같은 금속이온 등은 루미놀의 위양성 반응을 나타낼 수 있다. 루미놀에 대한 비특이적 반응의 한계점을 보완하기 위한 연구들이 수행된 바 있지만, 아직 범죄 현장에 적용 가",4,1,2
bio_04__gemini_s03_c01,압타머(Aptamer) 기술의 특성,w3_021,"압타머는 그 자체로 특이적인 3차 구조진 압타머는 바이오 센서로서의 적용과 응용의 가능성을 시사해준다. 특히, 법과학 분야에서 능한 실험방법은 구축된 바 없다. 를 이루어 단백질, 화합물과 같은 타겟 물질에 높은 친화성과 특이성으로 결합한다.","[예린] 압타머는 그 자체로 특이적인 3차 구조
를 이루어 단백질, 화합물과 같은 타겟 물질에 높은 친화성과 특이성으로 결합한다",w3_007,w3_021,w3_008,"법과학 분야에서의 혈흔 분석은 혈청학적 식별을 포함하여 혈흔 형태에 의한 사건 분석 및 유전자 분석 등 매우 중요한 생물학적 증거물 분석의 한 방법이지만, 범죄 현장에서 혈흔을 보다 효과적으로 검출할 수 있는 식별 기술은 지속적인 연구필요성이 요구되어지고 있다. 본 연구에서는 기존보다 효과적인 혈흔 검출의 식별방법을 제시하고자 혈액 내 존재하는 인간 면역글로불린 G를 대상으로 한 압타머를 이용하여 혈흔 검출용 압타센서를 개발하였다. 새로 개발된 압타센서는 인간 면역글로 불린 G의 농도 증가에 따라 약 2배의 형광 세기가 증가하였으며, 이를 통해 압타센서가 효과적으로 작

주제어: 압타머 (Aptamer), 인간 면역글로불린 G (Human immunoglobulin G), 루미놀

(Luminol), 혈흔 식별 (Bloodstain identification), 디엔에이 프로필 (DNA profile) ❖ 이 논문은 행정안전부 주관 국립과학수사연구원 중장기 과학 수사 감정 기법 연구 개발(R&D)사업의 지원을 받아 수행한

연구임(NFS2023DNA02) 경찰학연구 제23권 제4호(통권 제76호)","압타머는 그 자체로 특이적인 3차 구조진 압타머는 바이오 센서로서의 적용과 응용의 가능성을 시사해준다. 특히, 법과학 분야에서 능한 실험방법은 구축된 바 없다. 를 이루어 단백질, 화합물과 같은 타겟 물질에 높은 친화성과 특이성으로 결합한다.","본 연구에서는 기존보다 효과적인 혈흔 검출의 식별방법을 제시하고자 혈액 내 존재하는 인간 면역글로불린 G를 대상으로 한 압타머를 이용하여 혈흔 검출용 압타센서를 개발하였다. 새로 개발된 압타센서는 인간 면역글로 불린 G의 농도 증가에 따라 약 2배의 형광 세기가 증가하였으며, 이를 통해 압타센서가 효과적으로 작

주제어: 압타머 (Aptamer), 인간 면역글로불린 G (Human immunoglobulin G), 루미놀

(Luminol), 혈흔 식별 (Bloodstain identification), 디엔에이 프로필 (DNA profile) ❖ 이 논문은 행정안전부 주관 국립과학수사연구원 중장기 과학 수사 감정 기법 연구 개발(R&D)사업의 지원을 받아 수행한

연구임(NFS2023DNA02) 경찰학연구 제23권 제4호(통권 제76호) Ⅰ. 서 론",못 찾음,1,10
bio_04__gemini_s03_c02,높은 특이성 및 친화성: 20~60mer 단일가닥 DNA/RNA로서 표적 물질에 고선택적 결합,w3_021,"압타머는 그 자체로 특이적인 3차 구조진 압타머는 바이오 센서로서의 적용과 응용의 가능성을 시사해준다. 특히, 법과학 분야에서 능한 실험방법은 구축된 바 없다. 를 이루어 단백질, 화합물과 같은 타겟 물질에 높은 친화성과 특이성으로 결합한다.","[예린] 압타머는 그 자체로 특이적인 3차 구조
를 이루어 단백질, 화합물과 같은 타겟 물질에 높은 친화성과 특이성으로 결합한다",w3_018,w3_018,w3_018,"9) 따라서 혈흔을 탐지하는 방법의 높은 민감성과 특이 성을 갖는 검출 방법에 대한 연구는 그 필요성이 지속적으로 요구되어지고 있다. 본 논문에서 사용한 압타머 (aptamer)는 단일가닥으로 이루어진 DNA 또는 RNA로, 이는 약 20~60mer 길이의 핵산으로 이루어져 있다.","9) 따라서 혈흔을 탐지하는 방법의 높은 민감성과 특이 성을 갖는 검출 방법에 대한 연구는 그 필요성이 지속적으로 요구되어지고 있다. 본 논문에서 사용한 압타머 (aptamer)는 단일가닥으로 이루어진 DNA 또는 RNA로, 이는 약 20~60mer 길이의 핵산으로 이루어져 있다.","9) 따라서 혈흔을 탐지하는 방법의 높은 민감성과 특이 성을 갖는 검출 방법에 대한 연구는 그 필요성이 지속적으로 요구되어지고 있다. 본 논문에서 사용한 압타머 (aptamer)는 단일가닥으로 이루어진 DNA 또는 RNA로, 이는 약 20~60mer 길이의 핵산으로 이루어져 있다.",4,못 찾음,11
bio_04__gemini_s03_c05,법과학 바이오센서 적용: 체액 감정 및 현장용 진단 키트 개발에 최적화된 기술,w3_020 w3_021,"본 논문에서 사용한 압타머 (aptamer)는 단일가닥으로 이루어진 DNA 또는 RNA로, 이는 약 20~60mer 길이의 핵산으로 이루어져 있다. 압타머는 그 자체로 특이적인 3차 구조진 압타머는 바이오 센서로서의 적용과 응용의 가능성을 시사해준다. 특히, 법과학 분야에서 능한 실험방법은 구축된 바 없다.","[예린] 이러한 장점을 가
진 압타머는 바이오센서로서의 적용과 응용의 가능성을 시사해준다. 특히, 법과학 분야에서
인체유류체액에 대한 압타머의 활용가능성에 대한 연구가 보고된 바 있다.",w3_007,w3_009,w3_006,"법과학 분야에서의 혈흔 분석은 혈청학적 식별을 포함하여 혈흔 형태에 의한 사건 분석 및 유전자 분석 등 매우 중요한 생물학적 증거물 분석의 한 방법이지만, 범죄 현장에서 혈흔을 보다 효과적으로 검출할 수 있는 식별 기술은 지속적인 연구필요성이 요구되어지고 있다. 본 연구에서는 기존보다 효과적인 혈흔 검출의 식별방법을 제시하고자 혈액 내 존재하는 인간 면역글로불린 G를 대상으로 한 압타머를 이용하여 혈흔 검출용 압타센서를 개발하였다. 새로 개발된 압타센서는 인간 면역글로 불린 G의 농도 증가에 따라 약 2배의 형광 세기가 증가하였으며, 이를 통해 압타센서가 효과적으로 작

주제어: 압타머 (Aptamer), 인간 면역글로불린 G (Human immunoglobulin G), 루미놀

(Luminol), 혈흔 식별 (Bloodstain identification), 디엔에이 프로필 (DNA profile) ❖ 이 논문은 행정안전부 주관 국립과학수사연구원 중장기 과학 수사 감정 기법 연구 개발(R&D)사업의 지원을 받아 수행한

연구임(NFS2023DNA02) 경찰학연구 제23권 제4호(통권 제76호)","새로 개발된 압타센서는 인간 면역글로 불린 G의 농도 증가에 따라 약 2배의 형광 세기가 증가하였으며, 이를 통해 압타센서가 효과적으로 작

주제어: 압타머 (Aptamer), 인간 면역글로불린 G (Human immunoglobulin G), 루미놀

(Luminol), 혈흔 식별 (Bloodstain identification), 디엔에이 프로필 (DNA profile) ❖ 이 논문은 행정안전부 주관 국립과학수사연구원 중장기 과학 수사 감정 기법 연구 개발(R&D)사업의 지원을 받아 수행한

연구임(NFS2023DNA02) 경찰학연구 제23권 제4호(통권 제76호) Ⅰ. 서 론 범죄 현장에서 채취된 증거물은 사건 해결에 중요한 단서를 제공할 수 있으며, 특히 지 문, 혈흔, 타액, 정액 및 모발과 같은 생물학적 증거물은 개인 식별을 통한 사건 해결에 중

일반적으로 혈흔으로 의심되는 증거물에 대해서는 예비시험 (presumptive assay)과 확증시험 (confirmatory assay)을 통해 혈액 및 인혈 여부를 판단한다.","〉〉 국 문 요 약 〈〈

범죄 현장에서 혈흔 분석을 통한 개인식별은 사건현장을 재구성하거나 피의자를 찾아내고 범인을 특정하는데 매우 중요하다. 법과학 분야에서의 혈흔 분석은 혈청학적 식별을 포함하여 혈흔 형태에 의한 사건 분석 및 유전자 분석 등 매우 중요한 생물학적 증거물 분석의 한 방법이지만, 범죄 현장에서 혈흔을 보다 효과적으로 검출할 수 있는 식별 기술은 지속적인 연구필요성이 요구되어지고 있다. 본 연구에서는 기존보다 효과적인 혈흔 검출의 식별방법을 제시하고자 혈액 내 존재하는 인간 면역글로불린 G를 대상으로 한 압타머를 이용하여 혈흔 검출용 압타센서를 개발하였다.",못 찾음,못 찾음,못 찾음
bio_04__gemini_s04_c02,인간 IgG 표적 형광 소광 복원,w3_041 w3_042 w3_043,"압타센서가 DNA 프로필 분석에 영향을 미치는지 확인하기 위하여, 추출한 DNA를 각각경찰학연구 제23권 제4호(통권 제76호)

의 차이는 일원 배치 분산분석 (one-way ANOVA)을 실시하고 사후검사로는 Tukey’s

multiple comparison test로 유의성을 검정하였다. *P < 0 . 0 5 , * *P < 0 . 0 1 , * * *P < 0.001 Ⅲ. 결과 및 고찰 1. 인간 면역글로불린 G를 타겟으로 하는 압타센서의 제작",[예린] 인간 면역글로불린 G를 타겟으로 하는 압타센서의 제작,w3_057,w3_046,w3_046,"그 결압타머를 이용한 새로운 혈흔 탐지 방법의 개발과, AS-10과 AS-11의 압타센서는 인간 면역글로불린 G에서만 특이적으로 형광 세기가 증가함을 관찰하였다 (그림 8). 다만, 금속염인 철과 망간에서는 형광 세기가 음성대조군보다 더 감소함을 관찰하였는데, 이는 금속이온에 의한 형광 간섭으로 사료되었다. <그림 8> 루미놀 반시 위양성 요소에 대한 압타센서의 활

다음으로, 제작한 압타센서가 인간 특이적인 반응을 나타내는지 확인하기 위하여 인간, 소, 개, 고양이의 면역글로불린 G를 처리하여 형광 세기를 측정해보았다.","<그림 1> 인간 면역글로불린 G 압타센서의 개요 도식

3’말단에 소광체를 가진 인간 면역글로불린 G의 압타머 strand와 5’말단에 형광체를 가

진 압타머의 상보적 DNA strand를 혼성화하여 결합시킨다. 그림 2은 혼성화된 압타센서가

<그림 2> 혼성화 방법으로 제작한 압타센서가 발

타겟을 인지하여 형광을 내는 원리에 대한 개략도이다. 광140 경찰학연구 제23권 제4호(통권 제76호) 의 차이는 일원 배치 분산분석 (one-way ANOVA)을 실시하고 사후검사로는 Tukey’s multiple comparison test로 유의성을 검정하였다. *P < 0 . 0 5 , * *P < 0 . 0 1 , * * *P < 0.001 Ⅲ. 결과 및 고찰 1. 인간 면역글로불린 G를 타겟으로 하는 압타센서의 제작 인간 혈흔 특이적인 검출 방법의 개발을 위해, 혈액 내에 존재하는 인간 면역글로불린 G 를 타겟하는 압타머를 활용하여 압타센서를 제작하였다. 본 연구에서 제작하고자 하는 압타 센서의 모델은 다음과 같다 (그림 1). <그림 1> 인간 면역글로불린 G 압타센서의 개요 도식 3’말단에 소광체를 가진 인간 면역글로불린 G의 압타머 strand와 5’말단에 형광체를 가 진 압타머의 상보적 DNA strand를 혼성화하여 결합시킨다. 그림 2은 혼성화된 압타센서가 타겟을 인지하여 형광을 내는 원리에 대한 개략도이다. <그림 2> 혼성화 방법으로 제작한 압타센서가 발 광하는 원리에 대한 개략도

하는 원리에 대한 개략도 압타머를 이용한 새로운 혈흔 탐지 방법의 개발

우선, 혼성화된 압타센서는 소광효과에 의해 형광을 내지 못하는데, 인간 면역글로불린 G 가 존재하면 압타머는 인간 면역글로불린 G와 높은 결합력으로 결합함으로써 압타센서가 타센서를 제작하였다. 압타머와 상보적 결합을 하는 DNA는 총 5가지로, 압타머의 3’말단수 있는 최상의 조건을 확인하였다. 앞서 제작한 5가지 압타센서의 활성을 측정하기 위해 풀리게 된다. 압타센서가 풀리면서 BHQ1에 의해 억제된 형광이 발광하게 되는 원리이다. 을 기준으로 8 base pair에서부터 12 base pair까지 결합하는 총 5가지의 압타센서를 제 인간 면역글로불린 G를 이용하여 형광 세기를 측정해보았다. 인간 면역글로불린 G를 처리이미 보고가 되어 알려진 인간 면역글로불린 G 압타머에

<그림 3> 5가지 압타센서에 대한 작하였다 (그림 1). 제작된 5가지의 압타센서는 mfold 프로그램을

따라서 총 5가지의 압타센서 중 형광 세기를 비교 판단한 결과 AS-10과 AS-11이 혈흔하였을 때, AS-10과 AS-11의 압타센서 형광 세기가 유의미하게 증가함을 확인하였다 (그탐지 압타센서로 가장 적절할 것으로 판단되었다. 경찰학연구 제23권 제4호(통권 제76호)

압타센서를 혼성화방법으로 제작할 시 압타센서의 최대 활성을 위하여 압타머에 대한 상보적 DNA의 농도가 중요한 것으로 잘 알려져있다. 17) 압타센서 제작시 최적의 상보적 DNA의 농도를 도출하기 위해 상보적 DNA의 농도별 형광 세기를 분석하였다. 이를 위해, 압타머는 5nM의 농도로 고정하고 상보적 DNA의 농도는 각각 0, 50, 150, 350, 500nM

<그림 4> 상보적 DNA에 따른 압타센서의 활성 측정

(A: AS-10, B: 2. 압타센서의 검증 로 혼성화하여 압타센서를 제작하였다.","<그림 1> 인간 면역글로불린 G 압타센서의 개요 도식

3’말단에 소광체를 가진 인간 면역글로불린 G의 압타머 strand와 5’말단에 형광체를 가

진 압타머의 상보적 DNA strand를 혼성화하여 결합시킨다. 그림 2은 혼성화된 압타센서가

<그림 2> 혼성화 방법으로 제작한 압타센서가 발

타겟을 인지하여 형광을 내는 원리에 대한 개략도이다. 광140 경찰학연구 제23권 제4호(통권 제76호) 의 차이는 일원 배치 분산분석 (one-way ANOVA)을 실시하고 사후검사로는 Tukey’s multiple comparison test로 유의성을 검정하였다. *P < 0 . 0 5 , * *P < 0 . 0 1 , * * *P < 0.001 Ⅲ. 결과 및 고찰 1. 인간 면역글로불린 G를 타겟으로 하는 압타센서의 제작 인간 혈흔 특이적인 검출 방법의 개발을 위해, 혈액 내에 존재하는 인간 면역글로불린 G 를 타겟하는 압타머를 활용하여 압타센서를 제작하였다. 본 연구에서 제작하고자 하는 압타 센서의 모델은 다음과 같다 (그림 1). <그림 1> 인간 면역글로불린 G 압타센서의 개요 도식 3’말단에 소광체를 가진 인간 면역글로불린 G의 압타머 strand와 5’말단에 형광체를 가 진 압타머의 상보적 DNA strand를 혼성화하여 결합시킨다. 그림 2은 혼성화된 압타센서가 타겟을 인지하여 형광을 내는 원리에 대한 개략도이다. <그림 2> 혼성화 방법으로 제작한 압타센서가 발 광하는 원리에 대한 개략도

하는 원리에 대한 개략도 압타머를 이용한 새로운 혈흔 탐지 방법의 개발

우선, 혼성화된 압타센서는 소광효과에 의해 형광을 내지 못하는데, 인간 면역글로불린 G 가 존재하면 압타머는 인간 면역글로불린 G와 높은 결합력으로 결합함으로써 압타센서가 타센서를 제작하였다. 압타머와 상보적 결합을 하는 DNA는 총 5가지로, 압타머의 3’말단수 있는 최상의 조건을 확인하였다. 앞서 제작한 5가지 압타센서의 활성을 측정하기 위해 풀리게 된다. 압타센서가 풀리면서 BHQ1에 의해 억제된 형광이 발광하게 되는 원리이다. 을 기준으로 8 base pair에서부터 12 base pair까지 결합하는 총 5가지의 압타센서를 제 인간 면역글로불린 G를 이용하여 형광 세기를 측정해보았다. 인간 면역글로불린 G를 처리이미 보고가 되어 알려진 인간 면역글로불린 G 압타머에

<그림 3> 5가지 압타센서에 대한 작하였다 (그림 1). 제작된 5가지의 압타센서는 mfold 프로그램을

따라서 총 5가지의 압타센서 중 형광 세기를 비교 판단한 결과 AS-10과 AS-11이 혈흔하였을 때, AS-10과 AS-11의 압타센서 형광 세기가 유의미하게 증가함을 확인하였다 (그탐지 압타센서로 가장 적절할 것으로 판단되었다. 경찰학연구 제23권 제4호(통권 제76호)

압타센서를 혼성화방법으로 제작할 시 압타센서의 최대 활성을 위하여 압타머에 대한 상보적 DNA의 농도가 중요한 것으로 잘 알려져있다. 17) 압타센서 제작시 최적의 상보적 DNA의 농도를 도출하기 위해 상보적 DNA의 농도별 형광 세기를 분석하였다. 이를 위해, 압타머는 5nM의 농도로 고정하고 상보적 DNA의 농도는 각각 0, 50, 150, 350, 500nM

<그림 4> 상보적 DNA에 따른 압타센서의 활성 측정

(A: AS-10, B: 2. 압타센서의 검증 로 혼성화하여 압타센서를 제작하였다.",못 찾음,19,25
bio_04__gemini_s04_c03,소광물질(BHQ1)이 결합된 압타머 가닥과 형광물질(6-FAM)이 결합된 상보가닥이 이중가닥을 형성하여 형광이 소광된 상태를 유지합니다.,w3_044 w3_045 w3_046,"인간 혈흔 특이적인 검출 방법의 개발을 위해, 혈액 내에 존재하는 인간 면역글로불린 G

를 타겟하는 압타머를 활용하여 압타센서를 제작하였다. 본 연구에서 제작하고자 하는 압타

센서의 모델은 다음과 같다 (그림 1). <그림 1> 인간 면역글로불린 G 압타센서의 개요 도식

3’말단에 소광체를 가진 인간 면역글로불린 G의 압타머 strand와 5’말단에 형광체를 가

진 압타머의 상보적 DNA strand를 혼성화하여 결합시킨다. 그림 2은 혼성화된 압타센서가

<그림 2> 혼성화 방법으로 제작한 압타센서가 발

타겟을 인지하여 형광을 내는 원리에 대한 개략도이다. 광140 경찰학연구 제23권 제4호(통권 제76호) 의 차이는 일원 배치 분산분석 (one-way ANOVA)을 실시하고 사후검사로는 Tukey’s multiple comparison test로 유의성을 검정하였다. *P < 0 . 0 5 , * *P < 0 . 0 1 , * * *P < 0.001 Ⅲ. 결과 및 고찰 1. 인간 면역글로불린 G를 타겟으로 하는 압타센서의 제작 인간 혈흔 특이적인 검출 방법의 개발을 위해, 혈액 내에 존재하는 인간 면역글로불린 G 를 타겟하는 압타머를 활용하여 압타센서를 제작하였다. 본 연구에서 제작하고자 하는 압타 센서의 모델은 다음과 같다 (그림 1). <그림 1> 인간 면역글로불린 G 압타센서의 개요 도식 3’말단에 소광체를 가진 인간 면역글로불린 G의 압타머 strand와 5’말단에 형광체를 가 진 압타머의 상보적 DNA strand를 혼성화하여 결합시킨다. 그림 2은 혼성화된 압타센서가 타겟을 인지하여 형광을 내는 원리에 대한 개략도이다. <그림 2> 혼성화 방법으로 제작한 압타센서가 발 광하는 원리에 대한 개략도

하는 원리에 대한 개략도 압타머를 이용한 새로운 혈흔 탐지 방법의 개발

우선, 혼성화된 압타센서는 소광효과에 의해 형광을 내지 못하는데, 인간 면역글로불린 G 가 존재하면 압타머는 인간 면역글로불린 G와 높은 결합력으로 결합함으로써 압타센서가 타센서를 제작하였다. 압타머와 상보적 결합을 하는 DNA는 총 5가지로, 압타머의 3’말단수 있는 최상의 조건을 확인하였다. 앞서 제작한 5가지 압타센서의 활성을 측정하기 위해 풀리게 된다. 압타센서가 풀리면서 BHQ1에 의해 억제된 형광이 발광하게 되는 원리이다. 을 기준으로 8 base pair에서부터 12 base pair까지 결합하는 총 5가지의 압타센서를 제 인간 면역글로불린 G를 이용하여 형광 세기를 측정해보았다. 인간 면역글로불린 G를 처리이미 보고가 되어 알려진 인간 면역글로불린 G 압타머에

<그림 3> 5가지 압타센서에 대한 작하였다 (그림 1). 제작된 5가지의 압타센서는 mfold 프로그램을

따라서 총 5가지의 압타센서 중 형광 세기를 비교 판단한 결과 AS-10과 AS-11이 혈흔하였을 때, AS-10과 AS-11의 압타센서 형광 세기가 유의미하게 증가함을 확인하였다 (그탐지 압타센서로 가장 적절할 것으로 판단되었다. 경찰학연구 제23권 제4호(통권 제76호)

압타센서를 혼성화방법으로 제작할 시 압타센서의 최대 활성을 위하여 압타머에 대한 상보적 DNA의 농도가 중요한 것으로 잘 알려져있다. 17) 압타센서 제작시 최적의 상보적 DNA의 농도를 도출하기 위해 상보적 DNA의 농도별 형광 세기를 분석하였다. 이를 위해, 압타머는 5nM의 농도로 고정하고 상보적 DNA의 농도는 각각 0, 50, 150, 350, 500nM

<그림 4> 상보적 DNA에 따른 압타센서의 활성 측정

(A: AS-10, B:","[예린] 3’말단에 소광체를 가진 인간 면역글로불린 G의 압타머 strand와 5’말단에 형광체를 가
진 압타머의 상보적 DNA strand를 혼성화하여 결합시킨다. 그림 2은 혼성화된 압타센서가
타겟을 인지하여 형광을 내는 원리에 대한 개략도이다",w3_045,w3_045,w3_045,"본 연구에서 제작하고자 하는 압타

센서의 모델은 다음과 같다 (그림 1). <그림 1> 인간 면역글로불린 G 압타센서의 개요 도식

3’말단에 소광체를 가진 인간 면역글로불린 G의 압타머 strand와 5’말단에 형광체를 가

진 압타머의 상보적 DNA strand를 혼성화하여 결합시킨다. 그림 2은 혼성화된 압타센서가

<그림 2> 혼성화 방법으로 제작한 압타센서가 발

타겟을 인지하여 형광을 내는 원리에 대한 개략도이다. 광140 경찰학연구 제23권 제4호(통권 제76호) 의 차이는 일원 배치 분산분석 (one-way ANOVA)을 실시하고 사후검사로는 Tukey’s multiple comparison test로 유의성을 검정하였다. *P < 0 . 0 5 , * *P < 0 . 0 1 , * * *P < 0.001 Ⅲ. 결과 및 고찰 1. 인간 면역글로불린 G를 타겟으로 하는 압타센서의 제작 인간 혈흔 특이적인 검출 방법의 개발을 위해, 혈액 내에 존재하는 인간 면역글로불린 G 를 타겟하는 압타머를 활용하여 압타센서를 제작하였다. 본 연구에서 제작하고자 하는 압타 센서의 모델은 다음과 같다 (그림 1). <그림 1> 인간 면역글로불린 G 압타센서의 개요 도식 3’말단에 소광체를 가진 인간 면역글로불린 G의 압타머 strand와 5’말단에 형광체를 가 진 압타머의 상보적 DNA strand를 혼성화하여 결합시킨다. 그림 2은 혼성화된 압타센서가 타겟을 인지하여 형광을 내는 원리에 대한 개략도이다. <그림 2> 혼성화 방법으로 제작한 압타센서가 발 광하는 원리에 대한 개략도

하는 원리에 대한 개략도 압타머를 이용한 새로운 혈흔 탐지 방법의 개발

우선, 혼성화된 압타센서는 소광효과에 의해 형광을 내지 못하는데, 인간 면역글로불린 G 가 존재하면 압타머는 인간 면역글로불린 G와 높은 결합력으로 결합함으로써 압타센서가 타센서를 제작하였다. 압타머와 상보적 결합을 하는 DNA는 총 5가지로, 압타머의 3’말단수 있는 최상의 조건을 확인하였다. 앞서 제작한 5가지 압타센서의 활성을 측정하기 위해 풀리게 된다. 압타센서가 풀리면서 BHQ1에 의해 억제된 형광이 발광하게 되는 원리이다. 을 기준으로 8 base pair에서부터 12 base pair까지 결합하는 총 5가지의 압타센서를 제 인간 면역글로불린 G를 이용하여 형광 세기를 측정해보았다. 인간 면역글로불린 G를 처리이미 보고가 되어 알려진 인간 면역글로불린 G 압타머에

<그림 3> 5가지 압타센서에 대한 작하였다 (그림 1). 제작된 5가지의 압타센서는 mfold 프로그램을

따라서 총 5가지의 압타센서 중 형광 세기를 비교 판단한 결과 AS-10과 AS-11이 혈흔하였을 때, AS-10과 AS-11의 압타센서 형광 세기가 유의미하게 증가함을 확인하였다 (그탐지 압타센서로 가장 적절할 것으로 판단되었다. 경찰학연구 제23권 제4호(통권 제76호)

압타센서를 혼성화방법으로 제작할 시 압타센서의 최대 활성을 위하여 압타머에 대한 상보적 DNA의 농도가 중요한 것으로 잘 알려져있다. 17) 압타센서 제작시 최적의 상보적 DNA의 농도를 도출하기 위해 상보적 DNA의 농도별 형광 세기를 분석하였다. 이를 위해, 압타머는 5nM의 농도로 고정하고 상보적 DNA의 농도는 각각 0, 50, 150, 350, 500nM

<그림 4> 상보적 DNA에 따른 압타센서의 활성 측정

(A: AS-10, B: 2. 압타센서의 검증","본 연구에서 제작하고자 하는 압타

센서의 모델은 다음과 같다 (그림 1). <그림 1> 인간 면역글로불린 G 압타센서의 개요 도식

3’말단에 소광체를 가진 인간 면역글로불린 G의 압타머 strand와 5’말단에 형광체를 가

진 압타머의 상보적 DNA strand를 혼성화하여 결합시킨다. 그림 2은 혼성화된 압타센서가

<그림 2> 혼성화 방법으로 제작한 압타센서가 발

타겟을 인지하여 형광을 내는 원리에 대한 개략도이다. 광140 경찰학연구 제23권 제4호(통권 제76호) 의 차이는 일원 배치 분산분석 (one-way ANOVA)을 실시하고 사후검사로는 Tukey’s multiple comparison test로 유의성을 검정하였다. *P < 0 . 0 5 , * *P < 0 . 0 1 , * * *P < 0.001 Ⅲ. 결과 및 고찰 1. 인간 면역글로불린 G를 타겟으로 하는 압타센서의 제작 인간 혈흔 특이적인 검출 방법의 개발을 위해, 혈액 내에 존재하는 인간 면역글로불린 G 를 타겟하는 압타머를 활용하여 압타센서를 제작하였다. 본 연구에서 제작하고자 하는 압타 센서의 모델은 다음과 같다 (그림 1). <그림 1> 인간 면역글로불린 G 압타센서의 개요 도식 3’말단에 소광체를 가진 인간 면역글로불린 G의 압타머 strand와 5’말단에 형광체를 가 진 압타머의 상보적 DNA strand를 혼성화하여 결합시킨다. 그림 2은 혼성화된 압타센서가 타겟을 인지하여 형광을 내는 원리에 대한 개략도이다. <그림 2> 혼성화 방법으로 제작한 압타센서가 발 광하는 원리에 대한 개략도

하는 원리에 대한 개략도 압타머를 이용한 새로운 혈흔 탐지 방법의 개발

우선, 혼성화된 압타센서는 소광효과에 의해 형광을 내지 못하는데, 인간 면역글로불린 G 가 존재하면 압타머는 인간 면역글로불린 G와 높은 결합력으로 결합함으로써 압타센서가 타센서를 제작하였다. 압타머와 상보적 결합을 하는 DNA는 총 5가지로, 압타머의 3’말단수 있는 최상의 조건을 확인하였다. 앞서 제작한 5가지 압타센서의 활성을 측정하기 위해 풀리게 된다. 압타센서가 풀리면서 BHQ1에 의해 억제된 형광이 발광하게 되는 원리이다. 을 기준으로 8 base pair에서부터 12 base pair까지 결합하는 총 5가지의 압타센서를 제 인간 면역글로불린 G를 이용하여 형광 세기를 측정해보았다. 인간 면역글로불린 G를 처리이미 보고가 되어 알려진 인간 면역글로불린 G 압타머에

<그림 3> 5가지 압타센서에 대한 작하였다 (그림 1). 제작된 5가지의 압타센서는 mfold 프로그램을

따라서 총 5가지의 압타센서 중 형광 세기를 비교 판단한 결과 AS-10과 AS-11이 혈흔하였을 때, AS-10과 AS-11의 압타센서 형광 세기가 유의미하게 증가함을 확인하였다 (그탐지 압타센서로 가장 적절할 것으로 판단되었다. 경찰학연구 제23권 제4호(통권 제76호)

압타센서를 혼성화방법으로 제작할 시 압타센서의 최대 활성을 위하여 압타머에 대한 상보적 DNA의 농도가 중요한 것으로 잘 알려져있다. 17) 압타센서 제작시 최적의 상보적 DNA의 농도를 도출하기 위해 상보적 DNA의 농도별 형광 세기를 분석하였다. 이를 위해, 압타머는 5nM의 농도로 고정하고 상보적 DNA의 농도는 각각 0, 50, 150, 350, 500nM

<그림 4> 상보적 DNA에 따른 압타센서의 활성 측정

(A: AS-10, B: 2. 압타센서의 검증","본 연구에서 제작하고자 하는 압타

센서의 모델은 다음과 같다 (그림 1). <그림 1> 인간 면역글로불린 G 압타센서의 개요 도식

3’말단에 소광체를 가진 인간 면역글로불린 G의 압타머 strand와 5’말단에 형광체를 가

진 압타머의 상보적 DNA strand를 혼성화하여 결합시킨다. 그림 2은 혼성화된 압타센서가

<그림 2> 혼성화 방법으로 제작한 압타센서가 발

타겟을 인지하여 형광을 내는 원리에 대한 개략도이다. 광140 경찰학연구 제23권 제4호(통권 제76호) 의 차이는 일원 배치 분산분석 (one-way ANOVA)을 실시하고 사후검사로는 Tukey’s multiple comparison test로 유의성을 검정하였다. *P < 0 . 0 5 , * *P < 0 . 0 1 , * * *P < 0.001 Ⅲ. 결과 및 고찰 1. 인간 면역글로불린 G를 타겟으로 하는 압타센서의 제작 인간 혈흔 특이적인 검출 방법의 개발을 위해, 혈액 내에 존재하는 인간 면역글로불린 G 를 타겟하는 압타머를 활용하여 압타센서를 제작하였다. 본 연구에서 제작하고자 하는 압타 센서의 모델은 다음과 같다 (그림 1). <그림 1> 인간 면역글로불린 G 압타센서의 개요 도식 3’말단에 소광체를 가진 인간 면역글로불린 G의 압타머 strand와 5’말단에 형광체를 가 진 압타머의 상보적 DNA strand를 혼성화하여 결합시킨다. 그림 2은 혼성화된 압타센서가 타겟을 인지하여 형광을 내는 원리에 대한 개략도이다. <그림 2> 혼성화 방법으로 제작한 압타센서가 발 광하는 원리에 대한 개략도

하는 원리에 대한 개략도 압타머를 이용한 새로운 혈흔 탐지 방법의 개발

우선, 혼성화된 압타센서는 소광효과에 의해 형광을 내지 못하는데, 인간 면역글로불린 G 가 존재하면 압타머는 인간 면역글로불린 G와 높은 결합력으로 결합함으로써 압타센서가 타센서를 제작하였다. 압타머와 상보적 결합을 하는 DNA는 총 5가지로, 압타머의 3’말단수 있는 최상의 조건을 확인하였다. 앞서 제작한 5가지 압타센서의 활성을 측정하기 위해 풀리게 된다. 압타센서가 풀리면서 BHQ1에 의해 억제된 형광이 발광하게 되는 원리이다. 을 기준으로 8 base pair에서부터 12 base pair까지 결합하는 총 5가지의 압타센서를 제 인간 면역글로불린 G를 이용하여 형광 세기를 측정해보았다. 인간 면역글로불린 G를 처리이미 보고가 되어 알려진 인간 면역글로불린 G 압타머에

<그림 3> 5가지 압타센서에 대한 작하였다 (그림 1). 제작된 5가지의 압타센서는 mfold 프로그램을

따라서 총 5가지의 압타센서 중 형광 세기를 비교 판단한 결과 AS-10과 AS-11이 혈흔하였을 때, AS-10과 AS-11의 압타센서 형광 세기가 유의미하게 증가함을 확인하였다 (그탐지 압타센서로 가장 적절할 것으로 판단되었다. 경찰학연구 제23권 제4호(통권 제76호)

압타센서를 혼성화방법으로 제작할 시 압타센서의 최대 활성을 위하여 압타머에 대한 상보적 DNA의 농도가 중요한 것으로 잘 알려져있다. 17) 압타센서 제작시 최적의 상보적 DNA의 농도를 도출하기 위해 상보적 DNA의 농도별 형광 세기를 분석하였다. 이를 위해, 압타머는 5nM의 농도로 고정하고 상보적 DNA의 농도는 각각 0, 50, 150, 350, 500nM

<그림 4> 상보적 DNA에 따른 압타센서의 활성 측정

(A: AS-10, B: 2. 압타센서의 검증",1,1,1
bio_04__gemini_s04_c04,"인간 면역글로불린 G(Human IgG)가 존재하면 압타머가 표적 단백질과 강하게 결합하여 형광가닥이 분리되고, 520nm에서 명확한 형광 신호가 발산됩니다.",w3_033 w3_034 w3_035,특이성 시험에 사용된 철과 망간은 각각 Iron(II) sulfate heptahydrate 압타머를 이용한 새로운 혈흔 탐지 방법의 개발 2. 압타센서 처리 및 형광 측정 압타센서의 활성을 측정하기 위하여 형광세기는 여기(excitation) 488nm과 방출 (emission) 520nm 파장대에서 측정하였다.,"[예린] 우선, 혼성화된 압타센서는 소광효과에 의해 형광을 내지 못하는데, 인간 면역글로불린 G
가 존재하면 압타머는 인간 면역글로불린 G와 높은 결합력으로 결합함으로써 압타센서가
풀리게 된다. 압타센서가 풀리면서 BHQ1에 의해 억제된 형광이 발광하게 되는 원리이다... 압타센서의 활성을 측정하기 위하여 형광세기는 여기(excitation) 488nm과 방출
(emission) 520nm 파장대에서 측정하였다.",w3_044,w3_045,w3_045,"인간 혈흔 특이적인 검출 방법의 개발을 위해, 혈액 내에 존재하는 인간 면역글로불린 G

를 타겟하는 압타머를 활용하여 압타센서를 제작하였다. 본 연구에서 제작하고자 하는 압타

센서의 모델은 다음과 같다 (그림 1). <그림 1> 인간 면역글로불린 G 압타센서의 개요 도식

3’말단에 소광체를 가진 인간 면역글로불린 G의 압타머 strand와 5’말단에 형광체를 가

진 압타머의 상보적 DNA strand를 혼성화하여 결합시킨다. 그림 2은 혼성화된 압타센서가

<그림 2> 혼성화 방법으로 제작한 압타센서가 발

타겟을 인지하여 형광을 내는 원리에 대한 개략도이다. 광140 경찰학연구 제23권 제4호(통권 제76호) 의 차이는 일원 배치 분산분석 (one-way ANOVA)을 실시하고 사후검사로는 Tukey’s multiple comparison test로 유의성을 검정하였다. *P < 0 . 0 5 , * *P < 0 . 0 1 , * * *P < 0.001 Ⅲ. 결과 및 고찰 1. 인간 면역글로불린 G를 타겟으로 하는 압타센서의 제작 인간 혈흔 특이적인 검출 방법의 개발을 위해, 혈액 내에 존재하는 인간 면역글로불린 G 를 타겟하는 압타머를 활용하여 압타센서를 제작하였다. 본 연구에서 제작하고자 하는 압타 센서의 모델은 다음과 같다 (그림 1). <그림 1> 인간 면역글로불린 G 압타센서의 개요 도식 3’말단에 소광체를 가진 인간 면역글로불린 G의 압타머 strand와 5’말단에 형광체를 가 진 압타머의 상보적 DNA strand를 혼성화하여 결합시킨다. 그림 2은 혼성화된 압타센서가 타겟을 인지하여 형광을 내는 원리에 대한 개략도이다. <그림 2> 혼성화 방법으로 제작한 압타센서가 발 광하는 원리에 대한 개략도

하는 원리에 대한 개략도 압타머를 이용한 새로운 혈흔 탐지 방법의 개발

우선, 혼성화된 압타센서는 소광효과에 의해 형광을 내지 못하는데, 인간 면역글로불린 G 가 존재하면 압타머는 인간 면역글로불린 G와 높은 결합력으로 결합함으로써 압타센서가 타센서를 제작하였다. 압타머와 상보적 결합을 하는 DNA는 총 5가지로, 압타머의 3’말단수 있는 최상의 조건을 확인하였다. 앞서 제작한 5가지 압타센서의 활성을 측정하기 위해 풀리게 된다. 압타센서가 풀리면서 BHQ1에 의해 억제된 형광이 발광하게 되는 원리이다. 을 기준으로 8 base pair에서부터 12 base pair까지 결합하는 총 5가지의 압타센서를 제 인간 면역글로불린 G를 이용하여 형광 세기를 측정해보았다. 인간 면역글로불린 G를 처리이미 보고가 되어 알려진 인간 면역글로불린 G 압타머에

<그림 3> 5가지 압타센서에 대한 작하였다 (그림 1). 제작된 5가지의 압타센서는 mfold 프로그램을

따라서 총 5가지의 압타센서 중 형광 세기를 비교 판단한 결과 AS-10과 AS-11이 혈흔하였을 때, AS-10과 AS-11의 압타센서 형광 세기가 유의미하게 증가함을 확인하였다 (그탐지 압타센서로 가장 적절할 것으로 판단되었다. 경찰학연구 제23권 제4호(통권 제76호)

압타센서를 혼성화방법으로 제작할 시 압타센서의 최대 활성을 위하여 압타머에 대한 상보적 DNA의 농도가 중요한 것으로 잘 알려져있다. 17) 압타센서 제작시 최적의 상보적 DNA의 농도를 도출하기 위해 상보적 DNA의 농도별 형광 세기를 분석하였다. 이를 위해, 압타머는 5nM의 농도로 고정하고 상보적 DNA의 농도는 각각 0, 50, 150, 350, 500nM

<그림 4> 상보적 DNA에 따른 압타센서의 활성 측정

(A: AS-10, B:","본 연구에서 제작하고자 하는 압타

센서의 모델은 다음과 같다 (그림 1). <그림 1> 인간 면역글로불린 G 압타센서의 개요 도식

3’말단에 소광체를 가진 인간 면역글로불린 G의 압타머 strand와 5’말단에 형광체를 가

진 압타머의 상보적 DNA strand를 혼성화하여 결합시킨다. 그림 2은 혼성화된 압타센서가

<그림 2> 혼성화 방법으로 제작한 압타센서가 발

타겟을 인지하여 형광을 내는 원리에 대한 개략도이다. 광140 경찰학연구 제23권 제4호(통권 제76호) 의 차이는 일원 배치 분산분석 (one-way ANOVA)을 실시하고 사후검사로는 Tukey’s multiple comparison test로 유의성을 검정하였다. *P < 0 . 0 5 , * *P < 0 . 0 1 , * * *P < 0.001 Ⅲ. 결과 및 고찰 1. 인간 면역글로불린 G를 타겟으로 하는 압타센서의 제작 인간 혈흔 특이적인 검출 방법의 개발을 위해, 혈액 내에 존재하는 인간 면역글로불린 G 를 타겟하는 압타머를 활용하여 압타센서를 제작하였다. 본 연구에서 제작하고자 하는 압타 센서의 모델은 다음과 같다 (그림 1). <그림 1> 인간 면역글로불린 G 압타센서의 개요 도식 3’말단에 소광체를 가진 인간 면역글로불린 G의 압타머 strand와 5’말단에 형광체를 가 진 압타머의 상보적 DNA strand를 혼성화하여 결합시킨다. 그림 2은 혼성화된 압타센서가 타겟을 인지하여 형광을 내는 원리에 대한 개략도이다. <그림 2> 혼성화 방법으로 제작한 압타센서가 발 광하는 원리에 대한 개략도

하는 원리에 대한 개략도 압타머를 이용한 새로운 혈흔 탐지 방법의 개발

우선, 혼성화된 압타센서는 소광효과에 의해 형광을 내지 못하는데, 인간 면역글로불린 G 가 존재하면 압타머는 인간 면역글로불린 G와 높은 결합력으로 결합함으로써 압타센서가 타센서를 제작하였다. 압타머와 상보적 결합을 하는 DNA는 총 5가지로, 압타머의 3’말단수 있는 최상의 조건을 확인하였다. 앞서 제작한 5가지 압타센서의 활성을 측정하기 위해 풀리게 된다. 압타센서가 풀리면서 BHQ1에 의해 억제된 형광이 발광하게 되는 원리이다. 을 기준으로 8 base pair에서부터 12 base pair까지 결합하는 총 5가지의 압타센서를 제 인간 면역글로불린 G를 이용하여 형광 세기를 측정해보았다. 인간 면역글로불린 G를 처리이미 보고가 되어 알려진 인간 면역글로불린 G 압타머에

<그림 3> 5가지 압타센서에 대한 작하였다 (그림 1). 제작된 5가지의 압타센서는 mfold 프로그램을

따라서 총 5가지의 압타센서 중 형광 세기를 비교 판단한 결과 AS-10과 AS-11이 혈흔하였을 때, AS-10과 AS-11의 압타센서 형광 세기가 유의미하게 증가함을 확인하였다 (그탐지 압타센서로 가장 적절할 것으로 판단되었다. 경찰학연구 제23권 제4호(통권 제76호)

압타센서를 혼성화방법으로 제작할 시 압타센서의 최대 활성을 위하여 압타머에 대한 상보적 DNA의 농도가 중요한 것으로 잘 알려져있다. 17) 압타센서 제작시 최적의 상보적 DNA의 농도를 도출하기 위해 상보적 DNA의 농도별 형광 세기를 분석하였다. 이를 위해, 압타머는 5nM의 농도로 고정하고 상보적 DNA의 농도는 각각 0, 50, 150, 350, 500nM

<그림 4> 상보적 DNA에 따른 압타센서의 활성 측정

(A: AS-10, B: 2. 압타센서의 검증","본 연구에서 제작하고자 하는 압타

센서의 모델은 다음과 같다 (그림 1). <그림 1> 인간 면역글로불린 G 압타센서의 개요 도식

3’말단에 소광체를 가진 인간 면역글로불린 G의 압타머 strand와 5’말단에 형광체를 가

진 압타머의 상보적 DNA strand를 혼성화하여 결합시킨다. 그림 2은 혼성화된 압타센서가

<그림 2> 혼성화 방법으로 제작한 압타센서가 발

타겟을 인지하여 형광을 내는 원리에 대한 개략도이다. 광140 경찰학연구 제23권 제4호(통권 제76호) 의 차이는 일원 배치 분산분석 (one-way ANOVA)을 실시하고 사후검사로는 Tukey’s multiple comparison test로 유의성을 검정하였다. *P < 0 . 0 5 , * *P < 0 . 0 1 , * * *P < 0.001 Ⅲ. 결과 및 고찰 1. 인간 면역글로불린 G를 타겟으로 하는 압타센서의 제작 인간 혈흔 특이적인 검출 방법의 개발을 위해, 혈액 내에 존재하는 인간 면역글로불린 G 를 타겟하는 압타머를 활용하여 압타센서를 제작하였다. 본 연구에서 제작하고자 하는 압타 센서의 모델은 다음과 같다 (그림 1). <그림 1> 인간 면역글로불린 G 압타센서의 개요 도식 3’말단에 소광체를 가진 인간 면역글로불린 G의 압타머 strand와 5’말단에 형광체를 가 진 압타머의 상보적 DNA strand를 혼성화하여 결합시킨다. 그림 2은 혼성화된 압타센서가 타겟을 인지하여 형광을 내는 원리에 대한 개략도이다. <그림 2> 혼성화 방법으로 제작한 압타센서가 발 광하는 원리에 대한 개략도

하는 원리에 대한 개략도 압타머를 이용한 새로운 혈흔 탐지 방법의 개발

우선, 혼성화된 압타센서는 소광효과에 의해 형광을 내지 못하는데, 인간 면역글로불린 G 가 존재하면 압타머는 인간 면역글로불린 G와 높은 결합력으로 결합함으로써 압타센서가 타센서를 제작하였다. 압타머와 상보적 결합을 하는 DNA는 총 5가지로, 압타머의 3’말단수 있는 최상의 조건을 확인하였다. 앞서 제작한 5가지 압타센서의 활성을 측정하기 위해 풀리게 된다. 압타센서가 풀리면서 BHQ1에 의해 억제된 형광이 발광하게 되는 원리이다. 을 기준으로 8 base pair에서부터 12 base pair까지 결합하는 총 5가지의 압타센서를 제 인간 면역글로불린 G를 이용하여 형광 세기를 측정해보았다. 인간 면역글로불린 G를 처리이미 보고가 되어 알려진 인간 면역글로불린 G 압타머에

<그림 3> 5가지 압타센서에 대한 작하였다 (그림 1). 제작된 5가지의 압타센서는 mfold 프로그램을

따라서 총 5가지의 압타센서 중 형광 세기를 비교 판단한 결과 AS-10과 AS-11이 혈흔하였을 때, AS-10과 AS-11의 압타센서 형광 세기가 유의미하게 증가함을 확인하였다 (그탐지 압타센서로 가장 적절할 것으로 판단되었다. 경찰학연구 제23권 제4호(통권 제76호)

압타센서를 혼성화방법으로 제작할 시 압타센서의 최대 활성을 위하여 압타머에 대한 상보적 DNA의 농도가 중요한 것으로 잘 알려져있다. 17) 압타센서 제작시 최적의 상보적 DNA의 농도를 도출하기 위해 상보적 DNA의 농도별 형광 세기를 분석하였다. 이를 위해, 압타머는 5nM의 농도로 고정하고 상보적 DNA의 농도는 각각 0, 50, 150, 350, 500nM

<그림 4> 상보적 DNA에 따른 압타센서의 활성 측정

(A: AS-10, B: 2. 압타센서의 검증",7,못 찾음,13
bio_04__gemini_s05_c01,압타센서 설계 및 최적화,w3_027 w3_028 w3_029,"8 ) C r e a m e r J I 외 , A c o m p r e h e n s i v e e x p e r i m e n t a l s t u d y o f i n d u s t r ial, domestic and environmental 경찰학연구 제23권 제4호(통권 제76호) 보고된 바가 없으므로 본 연구를 수행하기로 하였다.

본 연구에서는 혈흔을 탐지하는 새로운 방법으로서 압타머를 이용하였다. 인간 면역글로 불린 G를 타겟하는 압타머를 이용하여 압타센서를 제작하였고 압타센서의 검증과 더불어 Ⅱ. 재료 및 방법 1. 시료 및 압타센서 제작",[예린] 시료 및 압타센서 제작,w3_046,w3_045,w3_045,"<그림 1> 인간 면역글로불린 G 압타센서의 개요 도식

3’말단에 소광체를 가진 인간 면역글로불린 G의 압타머 strand와 5’말단에 형광체를 가

진 압타머의 상보적 DNA strand를 혼성화하여 결합시킨다. 그림 2은 혼성화된 압타센서가

<그림 2> 혼성화 방법으로 제작한 압타센서가 발

타겟을 인지하여 형광을 내는 원리에 대한 개략도이다. 광140 경찰학연구 제23권 제4호(통권 제76호) 의 차이는 일원 배치 분산분석 (one-way ANOVA)을 실시하고 사후검사로는 Tukey’s multiple comparison test로 유의성을 검정하였다. *P < 0 . 0 5 , * *P < 0 . 0 1 , * * *P < 0.001 Ⅲ. 결과 및 고찰 1. 인간 면역글로불린 G를 타겟으로 하는 압타센서의 제작 인간 혈흔 특이적인 검출 방법의 개발을 위해, 혈액 내에 존재하는 인간 면역글로불린 G 를 타겟하는 압타머를 활용하여 압타센서를 제작하였다. 본 연구에서 제작하고자 하는 압타 센서의 모델은 다음과 같다 (그림 1). <그림 1> 인간 면역글로불린 G 압타센서의 개요 도식 3’말단에 소광체를 가진 인간 면역글로불린 G의 압타머 strand와 5’말단에 형광체를 가 진 압타머의 상보적 DNA strand를 혼성화하여 결합시킨다. 그림 2은 혼성화된 압타센서가 타겟을 인지하여 형광을 내는 원리에 대한 개략도이다. <그림 2> 혼성화 방법으로 제작한 압타센서가 발 광하는 원리에 대한 개략도

하는 원리에 대한 개략도 압타머를 이용한 새로운 혈흔 탐지 방법의 개발

우선, 혼성화된 압타센서는 소광효과에 의해 형광을 내지 못하는데, 인간 면역글로불린 G 가 존재하면 압타머는 인간 면역글로불린 G와 높은 결합력으로 결합함으로써 압타센서가 타센서를 제작하였다. 압타머와 상보적 결합을 하는 DNA는 총 5가지로, 압타머의 3’말단수 있는 최상의 조건을 확인하였다. 앞서 제작한 5가지 압타센서의 활성을 측정하기 위해 풀리게 된다. 압타센서가 풀리면서 BHQ1에 의해 억제된 형광이 발광하게 되는 원리이다. 을 기준으로 8 base pair에서부터 12 base pair까지 결합하는 총 5가지의 압타센서를 제 인간 면역글로불린 G를 이용하여 형광 세기를 측정해보았다. 인간 면역글로불린 G를 처리이미 보고가 되어 알려진 인간 면역글로불린 G 압타머에

<그림 3> 5가지 압타센서에 대한 작하였다 (그림 1). 제작된 5가지의 압타센서는 mfold 프로그램을

따라서 총 5가지의 압타센서 중 형광 세기를 비교 판단한 결과 AS-10과 AS-11이 혈흔하였을 때, AS-10과 AS-11의 압타센서 형광 세기가 유의미하게 증가함을 확인하였다 (그탐지 압타센서로 가장 적절할 것으로 판단되었다. 경찰학연구 제23권 제4호(통권 제76호)

압타센서를 혼성화방법으로 제작할 시 압타센서의 최대 활성을 위하여 압타머에 대한 상보적 DNA의 농도가 중요한 것으로 잘 알려져있다. 17) 압타센서 제작시 최적의 상보적 DNA의 농도를 도출하기 위해 상보적 DNA의 농도별 형광 세기를 분석하였다. 이를 위해, 압타머는 5nM의 농도로 고정하고 상보적 DNA의 농도는 각각 0, 50, 150, 350, 500nM

<그림 4> 상보적 DNA에 따른 압타센서의 활성 측정

(A: AS-10, B: 2. 압타센서의 검증 로 혼성화하여 압타센서를 제작하였다.","본 연구에서 제작하고자 하는 압타

센서의 모델은 다음과 같다 (그림 1). <그림 1> 인간 면역글로불린 G 압타센서의 개요 도식

3’말단에 소광체를 가진 인간 면역글로불린 G의 압타머 strand와 5’말단에 형광체를 가

진 압타머의 상보적 DNA strand를 혼성화하여 결합시킨다. 그림 2은 혼성화된 압타센서가

<그림 2> 혼성화 방법으로 제작한 압타센서가 발

타겟을 인지하여 형광을 내는 원리에 대한 개략도이다. 광140 경찰학연구 제23권 제4호(통권 제76호) 의 차이는 일원 배치 분산분석 (one-way ANOVA)을 실시하고 사후검사로는 Tukey’s multiple comparison test로 유의성을 검정하였다. *P < 0 . 0 5 , * *P < 0 . 0 1 , * * *P < 0.001 Ⅲ. 결과 및 고찰 1. 인간 면역글로불린 G를 타겟으로 하는 압타센서의 제작 인간 혈흔 특이적인 검출 방법의 개발을 위해, 혈액 내에 존재하는 인간 면역글로불린 G 를 타겟하는 압타머를 활용하여 압타센서를 제작하였다. 본 연구에서 제작하고자 하는 압타 센서의 모델은 다음과 같다 (그림 1). <그림 1> 인간 면역글로불린 G 압타센서의 개요 도식 3’말단에 소광체를 가진 인간 면역글로불린 G의 압타머 strand와 5’말단에 형광체를 가 진 압타머의 상보적 DNA strand를 혼성화하여 결합시킨다. 그림 2은 혼성화된 압타센서가 타겟을 인지하여 형광을 내는 원리에 대한 개략도이다. <그림 2> 혼성화 방법으로 제작한 압타센서가 발 광하는 원리에 대한 개략도

하는 원리에 대한 개략도 압타머를 이용한 새로운 혈흔 탐지 방법의 개발

우선, 혼성화된 압타센서는 소광효과에 의해 형광을 내지 못하는데, 인간 면역글로불린 G 가 존재하면 압타머는 인간 면역글로불린 G와 높은 결합력으로 결합함으로써 압타센서가 타센서를 제작하였다. 압타머와 상보적 결합을 하는 DNA는 총 5가지로, 압타머의 3’말단수 있는 최상의 조건을 확인하였다. 앞서 제작한 5가지 압타센서의 활성을 측정하기 위해 풀리게 된다. 압타센서가 풀리면서 BHQ1에 의해 억제된 형광이 발광하게 되는 원리이다. 을 기준으로 8 base pair에서부터 12 base pair까지 결합하는 총 5가지의 압타센서를 제 인간 면역글로불린 G를 이용하여 형광 세기를 측정해보았다. 인간 면역글로불린 G를 처리이미 보고가 되어 알려진 인간 면역글로불린 G 압타머에

<그림 3> 5가지 압타센서에 대한 작하였다 (그림 1). 제작된 5가지의 압타센서는 mfold 프로그램을

따라서 총 5가지의 압타센서 중 형광 세기를 비교 판단한 결과 AS-10과 AS-11이 혈흔하였을 때, AS-10과 AS-11의 압타센서 형광 세기가 유의미하게 증가함을 확인하였다 (그탐지 압타센서로 가장 적절할 것으로 판단되었다. 경찰학연구 제23권 제4호(통권 제76호)

압타센서를 혼성화방법으로 제작할 시 압타센서의 최대 활성을 위하여 압타머에 대한 상보적 DNA의 농도가 중요한 것으로 잘 알려져있다. 17) 압타센서 제작시 최적의 상보적 DNA의 농도를 도출하기 위해 상보적 DNA의 농도별 형광 세기를 분석하였다. 이를 위해, 압타머는 5nM의 농도로 고정하고 상보적 DNA의 농도는 각각 0, 50, 150, 350, 500nM

<그림 4> 상보적 DNA에 따른 압타센서의 활성 측정

(A: AS-10, B: 2. 압타센서의 검증","본 연구에서 제작하고자 하는 압타

센서의 모델은 다음과 같다 (그림 1). <그림 1> 인간 면역글로불린 G 압타센서의 개요 도식

3’말단에 소광체를 가진 인간 면역글로불린 G의 압타머 strand와 5’말단에 형광체를 가

진 압타머의 상보적 DNA strand를 혼성화하여 결합시킨다. 그림 2은 혼성화된 압타센서가

<그림 2> 혼성화 방법으로 제작한 압타센서가 발

타겟을 인지하여 형광을 내는 원리에 대한 개략도이다. 광140 경찰학연구 제23권 제4호(통권 제76호) 의 차이는 일원 배치 분산분석 (one-way ANOVA)을 실시하고 사후검사로는 Tukey’s multiple comparison test로 유의성을 검정하였다. *P < 0 . 0 5 , * *P < 0 . 0 1 , * * *P < 0.001 Ⅲ. 결과 및 고찰 1. 인간 면역글로불린 G를 타겟으로 하는 압타센서의 제작 인간 혈흔 특이적인 검출 방법의 개발을 위해, 혈액 내에 존재하는 인간 면역글로불린 G 를 타겟하는 압타머를 활용하여 압타센서를 제작하였다. 본 연구에서 제작하고자 하는 압타 센서의 모델은 다음과 같다 (그림 1). <그림 1> 인간 면역글로불린 G 압타센서의 개요 도식 3’말단에 소광체를 가진 인간 면역글로불린 G의 압타머 strand와 5’말단에 형광체를 가 진 압타머의 상보적 DNA strand를 혼성화하여 결합시킨다. 그림 2은 혼성화된 압타센서가 타겟을 인지하여 형광을 내는 원리에 대한 개략도이다. <그림 2> 혼성화 방법으로 제작한 압타센서가 발 광하는 원리에 대한 개략도

하는 원리에 대한 개략도 압타머를 이용한 새로운 혈흔 탐지 방법의 개발

우선, 혼성화된 압타센서는 소광효과에 의해 형광을 내지 못하는데, 인간 면역글로불린 G 가 존재하면 압타머는 인간 면역글로불린 G와 높은 결합력으로 결합함으로써 압타센서가 타센서를 제작하였다. 압타머와 상보적 결합을 하는 DNA는 총 5가지로, 압타머의 3’말단수 있는 최상의 조건을 확인하였다. 앞서 제작한 5가지 압타센서의 활성을 측정하기 위해 풀리게 된다. 압타센서가 풀리면서 BHQ1에 의해 억제된 형광이 발광하게 되는 원리이다. 을 기준으로 8 base pair에서부터 12 base pair까지 결합하는 총 5가지의 압타센서를 제 인간 면역글로불린 G를 이용하여 형광 세기를 측정해보았다. 인간 면역글로불린 G를 처리이미 보고가 되어 알려진 인간 면역글로불린 G 압타머에

<그림 3> 5가지 압타센서에 대한 작하였다 (그림 1). 제작된 5가지의 압타센서는 mfold 프로그램을

따라서 총 5가지의 압타센서 중 형광 세기를 비교 판단한 결과 AS-10과 AS-11이 혈흔하였을 때, AS-10과 AS-11의 압타센서 형광 세기가 유의미하게 증가함을 확인하였다 (그탐지 압타센서로 가장 적절할 것으로 판단되었다. 경찰학연구 제23권 제4호(통권 제76호)

압타센서를 혼성화방법으로 제작할 시 압타센서의 최대 활성을 위하여 압타머에 대한 상보적 DNA의 농도가 중요한 것으로 잘 알려져있다. 17) 압타센서 제작시 최적의 상보적 DNA의 농도를 도출하기 위해 상보적 DNA의 농도별 형광 세기를 분석하였다. 이를 위해, 압타머는 5nM의 농도로 고정하고 상보적 DNA의 농도는 각각 0, 50, 150, 350, 500nM

<그림 4> 상보적 DNA에 따른 압타센서의 활성 측정

(A: AS-10, B: 2. 압타센서의 검증",11,4,7
bio_04__gemini_s05_c02,압타머 가닥 설계,w3_027 w3_028 w3_029,"8 ) C r e a m e r J I 외 , A c o m p r e h e n s i v e e x p e r i m e n t a l s t u d y o f i n d u s t r ial, domestic and environmental 경찰학연구 제23권 제4호(통권 제76호) 보고된 바가 없으므로 본 연구를 수행하기로 하였다.

본 연구에서는 혈흔을 탐지하는 새로운 방법으로서 압타머를 이용하였다. 인간 면역글로 불린 G를 타겟하는 압타머를 이용하여 압타센서를 제작하였고 압타센서의 검증과 더불어 Ⅱ. 재료 및 방법 1. 시료 및 압타센서 제작",[예린] 시료 및 압타센서 제작,w3_020,w3_020,w3_020,"본 논문에서 사용한 압타머 (aptamer)는 단일가닥으로 이루어진 DNA 또는 RNA로, 이는 약 20~60mer 길이의 핵산으로 이루어져 있다. 압타머는 그 자체로 특이적인 3차 구조진 압타머는 바이오 센서로서의 적용과 응용의 가능성을 시사해준다. 특히, 법과학 분야에서 능한 실험방법은 구축된 바 없다.","본 논문에서 사용한 압타머 (aptamer)는 단일가닥으로 이루어진 DNA 또는 RNA로, 이는 약 20~60mer 길이의 핵산으로 이루어져 있다. 압타머는 그 자체로 특이적인 3차 구조진 압타머는 바이오 센서로서의 적용과 응용의 가능성을 시사해준다. 특히, 법과학 분야에서 능한 실험방법은 구축된 바 없다.","본 논문에서 사용한 압타머 (aptamer)는 단일가닥으로 이루어진 DNA 또는 RNA로, 이는 약 20~60mer 길이의 핵산으로 이루어져 있다. 압타머는 그 자체로 특이적인 3차 구조진 압타머는 바이오 센서로서의 적용과 응용의 가능성을 시사해준다. 특히, 법과학 분야에서 능한 실험방법은 구축된 바 없다.",18,4,10
bio_04__gemini_s05_c04,상보가닥 길이 비교,w3_044 w3_045 w3_046,"인간 혈흔 특이적인 검출 방법의 개발을 위해, 혈액 내에 존재하는 인간 면역글로불린 G

를 타겟하는 압타머를 활용하여 압타센서를 제작하였다. 본 연구에서 제작하고자 하는 압타

센서의 모델은 다음과 같다 (그림 1). <그림 1> 인간 면역글로불린 G 압타센서의 개요 도식

3’말단에 소광체를 가진 인간 면역글로불린 G의 압타머 strand와 5’말단에 형광체를 가

진 압타머의 상보적 DNA strand를 혼성화하여 결합시킨다. 그림 2은 혼성화된 압타센서가

<그림 2> 혼성화 방법으로 제작한 압타센서가 발

타겟을 인지하여 형광을 내는 원리에 대한 개략도이다. 광140 경찰학연구 제23권 제4호(통권 제76호) 의 차이는 일원 배치 분산분석 (one-way ANOVA)을 실시하고 사후검사로는 Tukey’s multiple comparison test로 유의성을 검정하였다. *P < 0 . 0 5 , * *P < 0 . 0 1 , * * *P < 0.001 Ⅲ. 결과 및 고찰 1. 인간 면역글로불린 G를 타겟으로 하는 압타센서의 제작 인간 혈흔 특이적인 검출 방법의 개발을 위해, 혈액 내에 존재하는 인간 면역글로불린 G 를 타겟하는 압타머를 활용하여 압타센서를 제작하였다. 본 연구에서 제작하고자 하는 압타 센서의 모델은 다음과 같다 (그림 1). <그림 1> 인간 면역글로불린 G 압타센서의 개요 도식 3’말단에 소광체를 가진 인간 면역글로불린 G의 압타머 strand와 5’말단에 형광체를 가 진 압타머의 상보적 DNA strand를 혼성화하여 결합시킨다. 그림 2은 혼성화된 압타센서가 타겟을 인지하여 형광을 내는 원리에 대한 개략도이다. <그림 2> 혼성화 방법으로 제작한 압타센서가 발 광하는 원리에 대한 개략도

하는 원리에 대한 개략도 압타머를 이용한 새로운 혈흔 탐지 방법의 개발

우선, 혼성화된 압타센서는 소광효과에 의해 형광을 내지 못하는데, 인간 면역글로불린 G 가 존재하면 압타머는 인간 면역글로불린 G와 높은 결합력으로 결합함으로써 압타센서가 타센서를 제작하였다. 압타머와 상보적 결합을 하는 DNA는 총 5가지로, 압타머의 3’말단수 있는 최상의 조건을 확인하였다. 앞서 제작한 5가지 압타센서의 활성을 측정하기 위해 풀리게 된다. 압타센서가 풀리면서 BHQ1에 의해 억제된 형광이 발광하게 되는 원리이다. 을 기준으로 8 base pair에서부터 12 base pair까지 결합하는 총 5가지의 압타센서를 제 인간 면역글로불린 G를 이용하여 형광 세기를 측정해보았다. 인간 면역글로불린 G를 처리이미 보고가 되어 알려진 인간 면역글로불린 G 압타머에

<그림 3> 5가지 압타센서에 대한 작하였다 (그림 1). 제작된 5가지의 압타센서는 mfold 프로그램을

따라서 총 5가지의 압타센서 중 형광 세기를 비교 판단한 결과 AS-10과 AS-11이 혈흔하였을 때, AS-10과 AS-11의 압타센서 형광 세기가 유의미하게 증가함을 확인하였다 (그탐지 압타센서로 가장 적절할 것으로 판단되었다. 경찰학연구 제23권 제4호(통권 제76호)

압타센서를 혼성화방법으로 제작할 시 압타센서의 최대 활성을 위하여 압타머에 대한 상보적 DNA의 농도가 중요한 것으로 잘 알려져있다. 17) 압타센서 제작시 최적의 상보적 DNA의 농도를 도출하기 위해 상보적 DNA의 농도별 형광 세기를 분석하였다. 이를 위해, 압타머는 5nM의 농도로 고정하고 상보적 DNA의 농도는 각각 0, 50, 150, 350, 500nM

<그림 4> 상보적 DNA에 따른 압타센서의 활성 측정

(A: AS-10, B:","[예린] 상보적 DNA는 압타머의 3’말단을 기준으로 8 base pair에서부터 12 base pair까지
상보적 결합을 이루는 DNA를 만들었",w3_018,w3_072,w3_072,"9) 따라서 혈흔을 탐지하는 방법의 높은 민감성과 특이 성을 갖는 검출 방법에 대한 연구는 그 필요성이 지속적으로 요구되어지고 있다. 본 논문에서 사용한 압타머 (aptamer)는 단일가닥으로 이루어진 DNA 또는 RNA로, 이는 약 20~60mer 길이의 핵산으로 이루어져 있다.","1. 혼성화방법으로 압타센서를 제작할 때, 인간 면역글로불린 G압타머의 상보적 DNA가 압타머의 3’말단을 기준으로 10 base pair와 11 base pair을 이루었을 때 가장 효과

적이었고, 상보적 DNA의 농도가 350nM일 때 가장 효율이 높음을 관찰하였다. 2. 개발된 AS-10과 AS-11의 압타센서에 대해 압타센서와 인간 면역글로불린의 증가된","1. 혼성화방법으로 압타센서를 제작할 때, 인간 면역글로불린 G압타머의 상보적 DNA가 압타머의 3’말단을 기준으로 10 base pair와 11 base pair을 이루었을 때 가장 효과

적이었고, 상보적 DNA의 농도가 350nM일 때 가장 효율이 높음을 관찰하였다. 2. 개발된 AS-10과 AS-11의 압타센서에 대해 압타센서와 인간 면역글로불린의 증가된",4,5,2
bio_04__gemini_s05_c06,최적 센서 선별,w3_044 w3_045 w3_046,"인간 혈흔 특이적인 검출 방법의 개발을 위해, 혈액 내에 존재하는 인간 면역글로불린 G

를 타겟하는 압타머를 활용하여 압타센서를 제작하였다. 본 연구에서 제작하고자 하는 압타

센서의 모델은 다음과 같다 (그림 1). <그림 1> 인간 면역글로불린 G 압타센서의 개요 도식

3’말단에 소광체를 가진 인간 면역글로불린 G의 압타머 strand와 5’말단에 형광체를 가

진 압타머의 상보적 DNA strand를 혼성화하여 결합시킨다. 그림 2은 혼성화된 압타센서가

<그림 2> 혼성화 방법으로 제작한 압타센서가 발

타겟을 인지하여 형광을 내는 원리에 대한 개략도이다. 광140 경찰학연구 제23권 제4호(통권 제76호) 의 차이는 일원 배치 분산분석 (one-way ANOVA)을 실시하고 사후검사로는 Tukey’s multiple comparison test로 유의성을 검정하였다. *P < 0 . 0 5 , * *P < 0 . 0 1 , * * *P < 0.001 Ⅲ. 결과 및 고찰 1. 인간 면역글로불린 G를 타겟으로 하는 압타센서의 제작 인간 혈흔 특이적인 검출 방법의 개발을 위해, 혈액 내에 존재하는 인간 면역글로불린 G 를 타겟하는 압타머를 활용하여 압타센서를 제작하였다. 본 연구에서 제작하고자 하는 압타 센서의 모델은 다음과 같다 (그림 1). <그림 1> 인간 면역글로불린 G 압타센서의 개요 도식 3’말단에 소광체를 가진 인간 면역글로불린 G의 압타머 strand와 5’말단에 형광체를 가 진 압타머의 상보적 DNA strand를 혼성화하여 결합시킨다. 그림 2은 혼성화된 압타센서가 타겟을 인지하여 형광을 내는 원리에 대한 개략도이다. <그림 2> 혼성화 방법으로 제작한 압타센서가 발 광하는 원리에 대한 개략도

하는 원리에 대한 개략도 압타머를 이용한 새로운 혈흔 탐지 방법의 개발

우선, 혼성화된 압타센서는 소광효과에 의해 형광을 내지 못하는데, 인간 면역글로불린 G 가 존재하면 압타머는 인간 면역글로불린 G와 높은 결합력으로 결합함으로써 압타센서가 타센서를 제작하였다. 압타머와 상보적 결합을 하는 DNA는 총 5가지로, 압타머의 3’말단수 있는 최상의 조건을 확인하였다. 앞서 제작한 5가지 압타센서의 활성을 측정하기 위해 풀리게 된다. 압타센서가 풀리면서 BHQ1에 의해 억제된 형광이 발광하게 되는 원리이다. 을 기준으로 8 base pair에서부터 12 base pair까지 결합하는 총 5가지의 압타센서를 제 인간 면역글로불린 G를 이용하여 형광 세기를 측정해보았다. 인간 면역글로불린 G를 처리이미 보고가 되어 알려진 인간 면역글로불린 G 압타머에

<그림 3> 5가지 압타센서에 대한 작하였다 (그림 1). 제작된 5가지의 압타센서는 mfold 프로그램을

따라서 총 5가지의 압타센서 중 형광 세기를 비교 판단한 결과 AS-10과 AS-11이 혈흔하였을 때, AS-10과 AS-11의 압타센서 형광 세기가 유의미하게 증가함을 확인하였다 (그탐지 압타센서로 가장 적절할 것으로 판단되었다. 경찰학연구 제23권 제4호(통권 제76호)

압타센서를 혼성화방법으로 제작할 시 압타센서의 최대 활성을 위하여 압타머에 대한 상보적 DNA의 농도가 중요한 것으로 잘 알려져있다. 17) 압타센서 제작시 최적의 상보적 DNA의 농도를 도출하기 위해 상보적 DNA의 농도별 형광 세기를 분석하였다. 이를 위해, 압타머는 5nM의 농도로 고정하고 상보적 DNA의 농도는 각각 0, 50, 150, 350, 500nM

<그림 4> 상보적 DNA에 따른 압타센서의 활성 측정

(A: AS-10, B:",[예린] 따라서 총 5가지의 압타센서 중 형광 세기를 비교 판단한 결과 AS-10과 AS-11이 혈흔 탐지 압타센서로 가장 적절할 것으로 판단되었다.,w3_046,w3_009,w3_050,"<그림 1> 인간 면역글로불린 G 압타센서의 개요 도식

3’말단에 소광체를 가진 인간 면역글로불린 G의 압타머 strand와 5’말단에 형광체를 가

진 압타머의 상보적 DNA strand를 혼성화하여 결합시킨다. 그림 2은 혼성화된 압타센서가

<그림 2> 혼성화 방법으로 제작한 압타센서가 발

타겟을 인지하여 형광을 내는 원리에 대한 개략도이다. 광140 경찰학연구 제23권 제4호(통권 제76호) 의 차이는 일원 배치 분산분석 (one-way ANOVA)을 실시하고 사후검사로는 Tukey’s multiple comparison test로 유의성을 검정하였다. *P < 0 . 0 5 , * *P < 0 . 0 1 , * * *P < 0.001 Ⅲ. 결과 및 고찰 1. 인간 면역글로불린 G를 타겟으로 하는 압타센서의 제작 인간 혈흔 특이적인 검출 방법의 개발을 위해, 혈액 내에 존재하는 인간 면역글로불린 G 를 타겟하는 압타머를 활용하여 압타센서를 제작하였다. 본 연구에서 제작하고자 하는 압타 센서의 모델은 다음과 같다 (그림 1). <그림 1> 인간 면역글로불린 G 압타센서의 개요 도식 3’말단에 소광체를 가진 인간 면역글로불린 G의 압타머 strand와 5’말단에 형광체를 가 진 압타머의 상보적 DNA strand를 혼성화하여 결합시킨다. 그림 2은 혼성화된 압타센서가 타겟을 인지하여 형광을 내는 원리에 대한 개략도이다. <그림 2> 혼성화 방법으로 제작한 압타센서가 발 광하는 원리에 대한 개략도

하는 원리에 대한 개략도 압타머를 이용한 새로운 혈흔 탐지 방법의 개발

우선, 혼성화된 압타센서는 소광효과에 의해 형광을 내지 못하는데, 인간 면역글로불린 G 가 존재하면 압타머는 인간 면역글로불린 G와 높은 결합력으로 결합함으로써 압타센서가 타센서를 제작하였다. 압타머와 상보적 결합을 하는 DNA는 총 5가지로, 압타머의 3’말단수 있는 최상의 조건을 확인하였다. 앞서 제작한 5가지 압타센서의 활성을 측정하기 위해 풀리게 된다. 압타센서가 풀리면서 BHQ1에 의해 억제된 형광이 발광하게 되는 원리이다. 을 기준으로 8 base pair에서부터 12 base pair까지 결합하는 총 5가지의 압타센서를 제 인간 면역글로불린 G를 이용하여 형광 세기를 측정해보았다. 인간 면역글로불린 G를 처리이미 보고가 되어 알려진 인간 면역글로불린 G 압타머에

<그림 3> 5가지 압타센서에 대한 작하였다 (그림 1). 제작된 5가지의 압타센서는 mfold 프로그램을

따라서 총 5가지의 압타센서 중 형광 세기를 비교 판단한 결과 AS-10과 AS-11이 혈흔하였을 때, AS-10과 AS-11의 압타센서 형광 세기가 유의미하게 증가함을 확인하였다 (그탐지 압타센서로 가장 적절할 것으로 판단되었다. 경찰학연구 제23권 제4호(통권 제76호)

압타센서를 혼성화방법으로 제작할 시 압타센서의 최대 활성을 위하여 압타머에 대한 상보적 DNA의 농도가 중요한 것으로 잘 알려져있다. 17) 압타센서 제작시 최적의 상보적 DNA의 농도를 도출하기 위해 상보적 DNA의 농도별 형광 세기를 분석하였다. 이를 위해, 압타머는 5nM의 농도로 고정하고 상보적 DNA의 농도는 각각 0, 50, 150, 350, 500nM

<그림 4> 상보적 DNA에 따른 압타센서의 활성 측정

(A: AS-10, B: 2. 압타센서의 검증 로 혼성화하여 압타센서를 제작하였다.","새로 개발된 압타센서는 인간 면역글로 불린 G의 농도 증가에 따라 약 2배의 형광 세기가 증가하였으며, 이를 통해 압타센서가 효과적으로 작

주제어: 압타머 (Aptamer), 인간 면역글로불린 G (Human immunoglobulin G), 루미놀

(Luminol), 혈흔 식별 (Bloodstain identification), 디엔에이 프로필 (DNA profile) ❖ 이 논문은 행정안전부 주관 국립과학수사연구원 중장기 과학 수사 감정 기법 연구 개발(R&D)사업의 지원을 받아 수행한

연구임(NFS2023DNA02) 경찰학연구 제23권 제4호(통권 제76호) Ⅰ. 서 론 범죄 현장에서 채취된 증거물은 사건 해결에 중요한 단서를 제공할 수 있으며, 특히 지 문, 혈흔, 타액, 정액 및 모발과 같은 생물학적 증거물은 개인 식별을 통한 사건 해결에 중

일반적으로 혈흔으로 의심되는 증거물에 대해서는 예비시험 (presumptive assay)과 확증시험 (confirmatory assay)을 통해 혈액 및 인혈 여부를 판단한다.","압타센서의 농도를 1/10씩 희석하여 350, 35, 3.5, 0.35, 0.035nM로 처리하여 형압타머를 이용한 새로운 혈흔 탐지 방법의 개발

<그림 5> 희석된 압타센서의 농도에 따른 형광 세기 측정

(A: AS-10,

다음으로, 개발된 압타센서가 타겟 농도의 증가에 따라 형광 세기가 증가하는지 관찰해보

았다. 압타센서 350nM의 농도에 감마글로불린을 0, 0.8, 4, 20, 100nM로 처리하여 형광

세기를 측정해보았다. 그 결과, 감마글로불린의 농도 증가에 따라 형광 세기가 증가하는 경

<그림 6> 감마글로불린의 농도에 따른 압타센서 활

향성을 보였고 감마글로불린의 농도가 20nM일 때 가장 높은 형광 세기를 보였다 (그림 6). 성압타머를 이용한 새로운 혈흔 탐지 방법의 개발 143 <그림 5> 희석된 압타센서의 농도에 따른 형광 세기 측정 (A: AS-10, B: AS-11) 다음으로, 개발된 압타센서가 타겟 농도의 증가에 따라 형광 세기가 증가하는지 관찰해보 았다. 압타센서 350nM의 농도에 감마글로불린을 0, 0.8, 4, 20, 100nM로 처리하여 형광 세기를 측정해보았다. 그 결과, 감마글로불린의 농도 증가에 따라 형광 세기가 증가하는 경 향성을 보였고 감마글로불린의 농도가 20nM일 때 가장 높은 형광 세기를 보였다 (그림 6). 단, 감마글로불린의 농도를 100nM로 처리하였을 때 감마글로불린을 20nM로 처리하였을 때보다 형광 세기가 감소함을 관찰하였는데, 이는 압타센서의 농도가 350nM인 것을 고려 하면, 한정된 압타센서의 농도에서 감마글로불린의 농도가 20nM일 때 압타센서가 최대 활 성을 나타내는 것으로 사료되었다. <그림 6> 감마글로불린의 농도에 따른 압타센서 활 성 측정

단, 감마글로불린의 농도를 100nM로 처리하였을 때 감마글로불린을 20nM로 처리하였을

때보다 형광 세기가 감소함을 관찰하였는데, 이는 압타센서의 농도가 350nM인 것을 고려

하면, 한정된 압타센서의 농도에서 감마글로불린의 농도가 20nM일 때 압타센서가 최대 활

성을 나타내는 것으로 사료되었다. 경찰학연구 제23권 제4호(통권 제76호) 3. 압타센서의 활용가능성 범죄 현장에서 발견되는 혈액 증거물들은 대부분 혈흔 상태로 존재한다.",1,11,5
bio_04__gemini_s06_c01,인간 IgG 농도별 형광 반응성,w3_007 w3_008 w3_009,"법과학 분야에서의 혈흔 분석은 혈청학적 식별을 포함하여 혈흔 형태에 의한 사건 분석 및 유전자 분석 등 매우 중요한 생물학적 증거물 분석의 한 방법이지만, 범죄 현장에서 혈흔을 보다 효과적으로 검출할 수 있는 식별 기술은 지속적인 연구필요성이 요구되어지고 있다. 본 연구에서는 기존보다 효과적인 혈흔 검출의 식별방법을 제시하고자 혈액 내 존재하는 인간 면역글로불린 G를 대상으로 한 압타머를 이용하여 혈흔 검출용 압타센서를 개발하였다. 새로 개발된 압타센서는 인간 면역글로 불린 G의 농도 증가에 따라 약 2배의 형광 세기가 증가하였으며, 이를 통해 압타센서가 효과적으로 작

주제어: 압타머 (Aptamer), 인간 면역글로불린 G (Human immunoglobulin G), 루미놀

(Luminol), 혈흔 식별 (Bloodstain identification), 디엔에이 프로필 (DNA profile) ❖ 이 논문은 행정안전부 주관 국립과학수사연구원 중장기 과학 수사 감정 기법 연구 개발(R&D)사업의 지원을 받아 수행한

연구임(NFS2023DNA02) 경찰학연구 제23권 제4호(통권 제76호)","[예린] 새로 개발된 압타센서는 인간 면역글로불린 G의 농도 증가에 따라 약 2배의 형광 세기가 증가하였으며, 이를 통해 압타센서가 효과적으로 작동함을 확인할 수 있었다.",w3_076,w3_074,w3_074,"3. 압타센서는 인간 혈흔을 민감하게 탐지하고 루미놀 반응 시 관찰되는 위양성 요소에 대한 비특이적 반응이 관찰되지 않았으며, 혈흔 식별 과정 이후에 행해지는 DNA 추압타머를 이용한 새로운 혈흔 탐지 방법의 개발 149 효성 검사를 수행하였고, 다음과 같은 결론을 도출하였다. 1. 혼성화방법으로 압타센서를 제작할 때, 인간 면역글로불린 G압타머의 상보적 DNA가 압타머의 3’말단을 기준으로 10 base pair와 11 base pair을 이루었을 때 가장 효과 적이었고, 상보적 DNA의 농도가 350nM일 때 가장 효율이 높음을 관찰하였다. 2. 개발된 AS-10과 AS-11의 압타센서에 대해 압타센서와 인간 면역글로불린의 증가된 농도에 따라 형광 세기가 증가함을 관찰하였으며, 이는 개발된 압타센서가 안정적으로 작동함을 확인하였다. 3. 압타센서는 인간 혈흔을 민감하게 탐지하고 루미놀 반응 시 관찰되는 위양성 요소에 대한 비특이적 반응이 관찰되지 않았으며, 혈흔 식별 과정 이후에 행해지는 DNA 추 출, 정량 및 DNA 프로필 분석에도 영향을 미치지 않았다. 다만, 종 간 특이성이 낮기 때문에 압타센서를 법과학 분야에 적용 시 인간 특이성 검증이 추가적으로 수행되어야 할 것으로 사료된다. < 논문접수 2023. 10. 30, 심사개시 2023. 11. 20, 게재확정 2023. 12. 18. >

출, 정량 및 DNA 프로필 분석에도 영향을 미치지 않았다. 다만, 종 간 특이성이 낮기

때문에 압타센서를 법과학 분야에 적용 시 인간 특이성 검증이 추가적으로 수행되어야

할 것으로 사료된다.

< 논문접수 2023. 10. 30, 심사개시 2023. 11. 20, 게재확정 2023. 12. 18. > 경찰학연구 제23권 제4호(통권 제76호)

참고문헌","2. 개발된 AS-10과 AS-11의 압타센서에 대해 압타센서와 인간 면역글로불린의 증가된 농도에 따라 형광 세기가 증가함을 관찰하였으며, 이는 개발된 압타센서가 안정적으로

작동함을 확인하였다. 3. 압타센서는 인간 혈흔을 민감하게 탐지하고 루미놀 반응 시 관찰되는 위양성 요소에","2. 개발된 AS-10과 AS-11의 압타센서에 대해 압타센서와 인간 면역글로불린의 증가된 농도에 따라 형광 세기가 증가함을 관찰하였으며, 이는 개발된 압타센서가 안정적으로

작동함을 확인하였다. 3. 압타센서는 인간 혈흔을 민감하게 탐지하고 루미놀 반응 시 관찰되는 위양성 요소에",못 찾음,9,19
bio_04__gemini_s06_c03,형광 신호 세기 증가율,w3_007 w3_008 w3_009,"법과학 분야에서의 혈흔 분석은 혈청학적 식별을 포함하여 혈흔 형태에 의한 사건 분석 및 유전자 분석 등 매우 중요한 생물학적 증거물 분석의 한 방법이지만, 범죄 현장에서 혈흔을 보다 효과적으로 검출할 수 있는 식별 기술은 지속적인 연구필요성이 요구되어지고 있다. 본 연구에서는 기존보다 효과적인 혈흔 검출의 식별방법을 제시하고자 혈액 내 존재하는 인간 면역글로불린 G를 대상으로 한 압타머를 이용하여 혈흔 검출용 압타센서를 개발하였다. 새로 개발된 압타센서는 인간 면역글로 불린 G의 농도 증가에 따라 약 2배의 형광 세기가 증가하였으며, 이를 통해 압타센서가 효과적으로 작

주제어: 압타머 (Aptamer), 인간 면역글로불린 G (Human immunoglobulin G), 루미놀

(Luminol), 혈흔 식별 (Bloodstain identification), 디엔에이 프로필 (DNA profile) ❖ 이 논문은 행정안전부 주관 국립과학수사연구원 중장기 과학 수사 감정 기법 연구 개발(R&D)사업의 지원을 받아 수행한

연구임(NFS2023DNA02) 경찰학연구 제23권 제4호(통권 제76호)","[예린] 새로 개발된 압타센서는 인간 면역글로불린 G의 농도 증가에 따라 약 2배의 형광 세기가 증가하였으며, 이를 통해 압타센서가 효과적으로 작동함을 확인할 수 있었다.",w3_049,w3_050,w3_050,"AS-10과 AS-11, 두 가지 압타센서는 DNA을

개발된 압타센서에 대해 압타센서의 농도 감소에 따라 형광 세기가 감소하는지 확인해보았다. 압타센서의 농도를 1/10씩 희석하여 350, 35, 3.5, 0.35, 0.035nM로 처리하여 형압타머를 이용한 새로운 혈흔 탐지 방법의 개발

<그림 5> 희석된 압타센서의 농도에 따른 형광 세기 측정

(A: AS-10,

다음으로, 개발된 압타센서가 타겟 농도의 증가에 따라 형광 세기가 증가하는지 관찰해보

았다. 압타센서 350nM의 농도에 감마글로불린을 0, 0.8, 4, 20, 100nM로 처리하여 형광

세기를 측정해보았다. 그 결과, 감마글로불린의 농도 증가에 따라 형광 세기가 증가하는 경

<그림 6> 감마글로불린의 농도에 따른 압타센서 활

향성을 보였고 감마글로불린의 농도가 20nM일 때 가장 높은 형광 세기를 보였다 (그림 6). 성압타머를 이용한 새로운 혈흔 탐지 방법의 개발 143 <그림 5> 희석된 압타센서의 농도에 따른 형광 세기 측정 (A: AS-10, B: AS-11) 다음으로, 개발된 압타센서가 타겟 농도의 증가에 따라 형광 세기가 증가하는지 관찰해보 았다. 압타센서 350nM의 농도에 감마글로불린을 0, 0.8, 4, 20, 100nM로 처리하여 형광 세기를 측정해보았다. 그 결과, 감마글로불린의 농도 증가에 따라 형광 세기가 증가하는 경 향성을 보였고 감마글로불린의 농도가 20nM일 때 가장 높은 형광 세기를 보였다 (그림 6). 단, 감마글로불린의 농도를 100nM로 처리하였을 때 감마글로불린을 20nM로 처리하였을 때보다 형광 세기가 감소함을 관찰하였는데, 이는 압타센서의 농도가 350nM인 것을 고려 하면, 한정된 압타센서의 농도에서 감마글로불린의 농도가 20nM일 때 압타센서가 최대 활 성을 나타내는 것으로 사료되었다. <그림 6> 감마글로불린의 농도에 따른 압타센서 활 성 측정

단, 감마글로불린의 농도를 100nM로 처리하였을 때 감마글로불린을 20nM로 처리하였을

때보다 형광 세기가 감소함을 관찰하였는데, 이는 압타센서의 농도가 350nM인 것을 고려

하면, 한정된 압타센서의 농도에서 감마글로불린의 농도가 20nM일 때 압타센서가 최대 활

성을 나타내는 것으로 사료되었다. 경찰학연구 제23권 제4호(통권 제76호) 3. 압타센서의 활용가능성","압타센서의 농도를 1/10씩 희석하여 350, 35, 3.5, 0.35, 0.035nM로 처리하여 형압타머를 이용한 새로운 혈흔 탐지 방법의 개발

<그림 5> 희석된 압타센서의 농도에 따른 형광 세기 측정

(A: AS-10,

다음으로, 개발된 압타센서가 타겟 농도의 증가에 따라 형광 세기가 증가하는지 관찰해보

았다. 압타센서 350nM의 농도에 감마글로불린을 0, 0.8, 4, 20, 100nM로 처리하여 형광

세기를 측정해보았다. 그 결과, 감마글로불린의 농도 증가에 따라 형광 세기가 증가하는 경

<그림 6> 감마글로불린의 농도에 따른 압타센서 활

향성을 보였고 감마글로불린의 농도가 20nM일 때 가장 높은 형광 세기를 보였다 (그림 6). 성압타머를 이용한 새로운 혈흔 탐지 방법의 개발 143 <그림 5> 희석된 압타센서의 농도에 따른 형광 세기 측정 (A: AS-10, B: AS-11) 다음으로, 개발된 압타센서가 타겟 농도의 증가에 따라 형광 세기가 증가하는지 관찰해보 았다. 압타센서 350nM의 농도에 감마글로불린을 0, 0.8, 4, 20, 100nM로 처리하여 형광 세기를 측정해보았다. 그 결과, 감마글로불린의 농도 증가에 따라 형광 세기가 증가하는 경 향성을 보였고 감마글로불린의 농도가 20nM일 때 가장 높은 형광 세기를 보였다 (그림 6). 단, 감마글로불린의 농도를 100nM로 처리하였을 때 감마글로불린을 20nM로 처리하였을 때보다 형광 세기가 감소함을 관찰하였는데, 이는 압타센서의 농도가 350nM인 것을 고려 하면, 한정된 압타센서의 농도에서 감마글로불린의 농도가 20nM일 때 압타센서가 최대 활 성을 나타내는 것으로 사료되었다. <그림 6> 감마글로불린의 농도에 따른 압타센서 활 성 측정

단, 감마글로불린의 농도를 100nM로 처리하였을 때 감마글로불린을 20nM로 처리하였을

때보다 형광 세기가 감소함을 관찰하였는데, 이는 압타센서의 농도가 350nM인 것을 고려

하면, 한정된 압타센서의 농도에서 감마글로불린의 농도가 20nM일 때 압타센서가 최대 활

성을 나타내는 것으로 사료되었다. 경찰학연구 제23권 제4호(통권 제76호) 3. 압타센서의 활용가능성 범죄 현장에서 발견되는 혈액 증거물들은 대부분 혈흔 상태로 존재한다.","압타센서의 농도를 1/10씩 희석하여 350, 35, 3.5, 0.35, 0.035nM로 처리하여 형압타머를 이용한 새로운 혈흔 탐지 방법의 개발

<그림 5> 희석된 압타센서의 농도에 따른 형광 세기 측정

(A: AS-10,

다음으로, 개발된 압타센서가 타겟 농도의 증가에 따라 형광 세기가 증가하는지 관찰해보

았다. 압타센서 350nM의 농도에 감마글로불린을 0, 0.8, 4, 20, 100nM로 처리하여 형광

세기를 측정해보았다. 그 결과, 감마글로불린의 농도 증가에 따라 형광 세기가 증가하는 경

<그림 6> 감마글로불린의 농도에 따른 압타센서 활

향성을 보였고 감마글로불린의 농도가 20nM일 때 가장 높은 형광 세기를 보였다 (그림 6). 성압타머를 이용한 새로운 혈흔 탐지 방법의 개발 143 <그림 5> 희석된 압타센서의 농도에 따른 형광 세기 측정 (A: AS-10, B: AS-11) 다음으로, 개발된 압타센서가 타겟 농도의 증가에 따라 형광 세기가 증가하는지 관찰해보 았다. 압타센서 350nM의 농도에 감마글로불린을 0, 0.8, 4, 20, 100nM로 처리하여 형광 세기를 측정해보았다. 그 결과, 감마글로불린의 농도 증가에 따라 형광 세기가 증가하는 경 향성을 보였고 감마글로불린의 농도가 20nM일 때 가장 높은 형광 세기를 보였다 (그림 6). 단, 감마글로불린의 농도를 100nM로 처리하였을 때 감마글로불린을 20nM로 처리하였을 때보다 형광 세기가 감소함을 관찰하였는데, 이는 압타센서의 농도가 350nM인 것을 고려 하면, 한정된 압타센서의 농도에서 감마글로불린의 농도가 20nM일 때 압타센서가 최대 활 성을 나타내는 것으로 사료되었다. <그림 6> 감마글로불린의 농도에 따른 압타센서 활 성 측정

단, 감마글로불린의 농도를 100nM로 처리하였을 때 감마글로불린을 20nM로 처리하였을

때보다 형광 세기가 감소함을 관찰하였는데, 이는 압타센서의 농도가 350nM인 것을 고려

하면, 한정된 압타센서의 농도에서 감마글로불린의 농도가 20nM일 때 압타센서가 최대 활

성을 나타내는 것으로 사료되었다. 경찰학연구 제23권 제4호(통권 제76호) 3. 압타센서의 활용가능성 범죄 현장에서 발견되는 혈액 증거물들은 대부분 혈흔 상태로 존재한다.",10,10,10
bio_04__gemini_s06_c04,정량적 감도 및 정밀 반응 검증,w3_048 w3_049 w3_050,"로 혼성화하여 압타센서를 제작하였다. AS-10과 AS-11, 두 가지 압타센서는 DNA을

개발된 압타센서에 대해 압타센서의 농도 감소에 따라 형광 세기가 감소하는지 확인해보았다. 압타센서의 농도를 1/10씩 희석하여 350, 35, 3.5, 0.35, 0.035nM로 처리하여 형압타머를 이용한 새로운 혈흔 탐지 방법의 개발

<그림 5> 희석된 압타센서의 농도에 따른 형광 세기 측정

(A: AS-10,

다음으로, 개발된 압타센서가 타겟 농도의 증가에 따라 형광 세기가 증가하는지 관찰해보

았다. 압타센서 350nM의 농도에 감마글로불린을 0, 0.8, 4, 20, 100nM로 처리하여 형광

세기를 측정해보았다. 그 결과, 감마글로불린의 농도 증가에 따라 형광 세기가 증가하는 경

<그림 6> 감마글로불린의 농도에 따른 압타센서 활

향성을 보였고 감마글로불린의 농도가 20nM일 때 가장 높은 형광 세기를 보였다 (그림 6). 성압타머를 이용한 새로운 혈흔 탐지 방법의 개발 143 <그림 5> 희석된 압타센서의 농도에 따른 형광 세기 측정 (A: AS-10, B: AS-11) 다음으로, 개발된 압타센서가 타겟 농도의 증가에 따라 형광 세기가 증가하는지 관찰해보 았다. 압타센서 350nM의 농도에 감마글로불린을 0, 0.8, 4, 20, 100nM로 처리하여 형광 세기를 측정해보았다. 그 결과, 감마글로불린의 농도 증가에 따라 형광 세기가 증가하는 경 향성을 보였고 감마글로불린의 농도가 20nM일 때 가장 높은 형광 세기를 보였다 (그림 6). 단, 감마글로불린의 농도를 100nM로 처리하였을 때 감마글로불린을 20nM로 처리하였을 때보다 형광 세기가 감소함을 관찰하였는데, 이는 압타센서의 농도가 350nM인 것을 고려 하면, 한정된 압타센서의 농도에서 감마글로불린의 농도가 20nM일 때 압타센서가 최대 활 성을 나타내는 것으로 사료되었다. <그림 6> 감마글로불린의 농도에 따른 압타센서 활 성 측정

단, 감마글로불린의 농도를 100nM로 처리하였을 때 감마글로불린을 20nM로 처리하였을

때보다 형광 세기가 감소함을 관찰하였는데, 이는 압타센서의 농도가 350nM인 것을 고려

하면, 한정된 압타센서의 농도에서 감마글로불린의 농도가 20nM일 때 압타센서가 최대 활

성을 나타내는 것으로 사료되었다. 경찰학연구 제23권 제4호(통권 제76호)","[예린] 그 결과, 감마글로불린의 농도 증가에 따라 형광 세기가 증가하는 경향성을 보였고 감마글로불린의 농도가 20nM일 때 가장 높은 형광 세기를 보였다.",w3_076,w3_009,w3_078,"3. 압타센서는 인간 혈흔을 민감하게 탐지하고 루미놀 반응 시 관찰되는 위양성 요소에 대한 비특이적 반응이 관찰되지 않았으며, 혈흔 식별 과정 이후에 행해지는 DNA 추압타머를 이용한 새로운 혈흔 탐지 방법의 개발 149 효성 검사를 수행하였고, 다음과 같은 결론을 도출하였다. 1. 혼성화방법으로 압타센서를 제작할 때, 인간 면역글로불린 G압타머의 상보적 DNA가 압타머의 3’말단을 기준으로 10 base pair와 11 base pair을 이루었을 때 가장 효과 적이었고, 상보적 DNA의 농도가 350nM일 때 가장 효율이 높음을 관찰하였다. 2. 개발된 AS-10과 AS-11의 압타센서에 대해 압타센서와 인간 면역글로불린의 증가된 농도에 따라 형광 세기가 증가함을 관찰하였으며, 이는 개발된 압타센서가 안정적으로 작동함을 확인하였다. 3. 압타센서는 인간 혈흔을 민감하게 탐지하고 루미놀 반응 시 관찰되는 위양성 요소에 대한 비특이적 반응이 관찰되지 않았으며, 혈흔 식별 과정 이후에 행해지는 DNA 추 출, 정량 및 DNA 프로필 분석에도 영향을 미치지 않았다. 다만, 종 간 특이성이 낮기 때문에 압타센서를 법과학 분야에 적용 시 인간 특이성 검증이 추가적으로 수행되어야 할 것으로 사료된다. < 논문접수 2023. 10. 30, 심사개시 2023. 11. 20, 게재확정 2023. 12. 18. >

출, 정량 및 DNA 프로필 분석에도 영향을 미치지 않았다. 다만, 종 간 특이성이 낮기

때문에 압타센서를 법과학 분야에 적용 시 인간 특이성 검증이 추가적으로 수행되어야

할 것으로 사료된다.

< 논문접수 2023. 10. 30, 심사개시 2023. 11. 20, 게재확정 2023. 12. 18. > 경찰학연구 제23권 제4호(통권 제76호)

참고문헌","새로 개발된 압타센서는 인간 면역글로 불린 G의 농도 증가에 따라 약 2배의 형광 세기가 증가하였으며, 이를 통해 압타센서가 효과적으로 작

주제어: 압타머 (Aptamer), 인간 면역글로불린 G (Human immunoglobulin G), 루미놀

(Luminol), 혈흔 식별 (Bloodstain identification), 디엔에이 프로필 (DNA profile) ❖ 이 논문은 행정안전부 주관 국립과학수사연구원 중장기 과학 수사 감정 기법 연구 개발(R&D)사업의 지원을 받아 수행한

연구임(NFS2023DNA02) 경찰학연구 제23권 제4호(통권 제76호) Ⅰ. 서 론 범죄 현장에서 채취된 증거물은 사건 해결에 중요한 단서를 제공할 수 있으며, 특히 지 문, 혈흔, 타액, 정액 및 모발과 같은 생물학적 증거물은 개인 식별을 통한 사건 해결에 중

일반적으로 혈흔으로 의심되는 증거물에 대해서는 예비시험 (presumptive assay)과 확증시험 (confirmatory assay)을 통해 혈액 및 인혈 여부를 판단한다.","1. 혼성화방법으로 압타센서를 제작할 때, 인간 면역글로불린 G압타머의 상보적 DNA가 압타머의 3’말단을 기준으로 10 base pair와 11 base pair을 이루었을 때 가장 효과 적이었고, 상보적 DNA의 농도가 350nM일 때 가장 효율이 높음을 관찰하였다. 2. 개발된 AS-10과 AS-11의 압타센서에 대해 압타센서와 인간 면역글로불린의 증가된 농도에 따라 형광 세기가 증가함을 관찰하였으며, 이는 개발된 압타센서가 안정적으로 작동함을 확인하였다. 3. 압타센서는 인간 혈흔을 민감하게 탐지하고 루미놀 반응 시 관찰되는 위양성 요소에 대한 비특이적 반응이 관찰되지 않았으며, 혈흔 식별 과정 이후에 행해지는 DNA 추 출, 정량 및 DNA 프로필 분석에도 영향을 미치지 않았다. 다만, 종 간 특이성이 낮기 때문에 압타센서를 법과학 분야에 적용 시 인간 특이성 검증이 추가적으로 수행되어야 할 것으로 사료된다. < 논문접수 2023. 10. 30, 심사개시 2023. 11. 20, 게재확정 2023. 12. 18. >

출, 정량 및 DNA 프로필 분석에도 영향을 미치지 않았다. 다만, 종 간 특이성이 낮기

때문에 압타센서를 법과학 분야에 적용 시 인간 특이성 검증이 추가적으로 수행되어야

할 것으로 사료된다.

< 논문접수 2023. 10. 30, 심사개시 2023. 11. 20, 게재확정 2023. 12. 18. > 경찰학연구 제23권 제4호(통권 제76호)

참고문헌 Ⅰ. 논문 1. 국외문헌",못 찾음,못 찾음,못 찾음
bio_04__gemini_s06_c05,인간 면역글로불린 G(Human IgG)의 농도가 증가함에 따라 개발된 압타센서의 형광 세기가 약 2배(200%) 비례하여 유의미하게 증가함을 확인하였습니다.,w3_007 w3_008 w3_009,"법과학 분야에서의 혈흔 분석은 혈청학적 식별을 포함하여 혈흔 형태에 의한 사건 분석 및 유전자 분석 등 매우 중요한 생물학적 증거물 분석의 한 방법이지만, 범죄 현장에서 혈흔을 보다 효과적으로 검출할 수 있는 식별 기술은 지속적인 연구필요성이 요구되어지고 있다. 본 연구에서는 기존보다 효과적인 혈흔 검출의 식별방법을 제시하고자 혈액 내 존재하는 인간 면역글로불린 G를 대상으로 한 압타머를 이용하여 혈흔 검출용 압타센서를 개발하였다. 새로 개발된 압타센서는 인간 면역글로 불린 G의 농도 증가에 따라 약 2배의 형광 세기가 증가하였으며, 이를 통해 압타센서가 효과적으로 작

주제어: 압타머 (Aptamer), 인간 면역글로불린 G (Human immunoglobulin G), 루미놀

(Luminol), 혈흔 식별 (Bloodstain identification), 디엔에이 프로필 (DNA profile) ❖ 이 논문은 행정안전부 주관 국립과학수사연구원 중장기 과학 수사 감정 기법 연구 개발(R&D)사업의 지원을 받아 수행한

연구임(NFS2023DNA02) 경찰학연구 제23권 제4호(통권 제76호)","[예린] 새로 개발된 압타센서는 인간 면역글로불린 G의 농도 증가에 따라 약 2배의 형광 세기가 증가하였으며, 이를 통해 압타센서가 효과적으로 작동함을 확인할 수 있었다.",w3_008,w3_074,w3_009,"본 연구에서는 기존보다 효과적인 혈흔 검출의 식별방법을 제시하고자 혈액 내 존재하는 인간 면역글로불린 G를 대상으로 한 압타머를 이용하여 혈흔 검출용 압타센서를 개발하였다. 새로 개발된 압타센서는 인간 면역글로 불린 G의 농도 증가에 따라 약 2배의 형광 세기가 증가하였으며, 이를 통해 압타센서가 효과적으로 작

주제어: 압타머 (Aptamer), 인간 면역글로불린 G (Human immunoglobulin G), 루미놀

(Luminol), 혈흔 식별 (Bloodstain identification), 디엔에이 프로필 (DNA profile) ❖ 이 논문은 행정안전부 주관 국립과학수사연구원 중장기 과학 수사 감정 기법 연구 개발(R&D)사업의 지원을 받아 수행한

연구임(NFS2023DNA02) 경찰학연구 제23권 제4호(통권 제76호) Ⅰ. 서 론","2. 개발된 AS-10과 AS-11의 압타센서에 대해 압타센서와 인간 면역글로불린의 증가된 농도에 따라 형광 세기가 증가함을 관찰하였으며, 이는 개발된 압타센서가 안정적으로

작동함을 확인하였다. 3. 압타센서는 인간 혈흔을 민감하게 탐지하고 루미놀 반응 시 관찰되는 위양성 요소에","새로 개발된 압타센서는 인간 면역글로 불린 G의 농도 증가에 따라 약 2배의 형광 세기가 증가하였으며, 이를 통해 압타센서가 효과적으로 작

주제어: 압타머 (Aptamer), 인간 면역글로불린 G (Human immunoglobulin G), 루미놀

(Luminol), 혈흔 식별 (Bloodstain identification), 디엔에이 프로필 (DNA profile) ❖ 이 논문은 행정안전부 주관 국립과학수사연구원 중장기 과학 수사 감정 기법 연구 개발(R&D)사업의 지원을 받아 수행한

연구임(NFS2023DNA02) 경찰학연구 제23권 제4호(통권 제76호) Ⅰ. 서 론 범죄 현장에서 채취된 증거물은 사건 해결에 중요한 단서를 제공할 수 있으며, 특히 지 문, 혈흔, 타액, 정액 및 모발과 같은 생물학적 증거물은 개인 식별을 통한 사건 해결에 중

일반적으로 혈흔으로 의심되는 증거물에 대해서는 예비시험 (presumptive assay)과 확증시험 (confirmatory assay)을 통해 혈액 및 인혈 여부를 판단한다.",1,2,1
bio_04__gemini_s07_c01,위양성 요인 대비 압타센서 선택성,w3_055 w3_056 w3_057,"<그림 7> 인간 혈흔에 대한 압타센서의 활

혈액 예비시험의 가장 대표적인 방법으로 쓰이는 루미놀은 혈흔 이외에 비특이적인 반응실험결과, AS-10과 AS-11을 처리한 혈흔에서 뚜렷하게 형광이 발광됨을 확인하였다 (그림을 보이는 위양성 물질들이 잘 알려져 있다. 금속이온, 식물의 과산화효소, 가정용 표백제, 본 연구에서 개발한 압타센서가 위양성 물질들에 반응하는지 관찰하였다. 먼저, 앞서 제작

20), 가정용 표백제를 처리하여 형광 세기를 측정해보았다. 그 결압타머를 이용한 새로운 혈흔 탐지 방법의 개발과, AS-10과 AS-11의 압타센서는 인간 면역글로불린 G에서만 특이적으로 형광 세기가 증가함을 관찰하였다 (그림 8).","[예린] 그 결과, AS-10과 AS-11의 압타센서는 인간 면역글로불린 G에서만 특이적으로 형광 세기가 증가함을 관찰하였다.",w3_059,w3_056,w3_058,"<그림 8> 루미놀 반시 위양성 요소에 대한 압타센서의 활

다음으로, 제작한 압타센서가 인간 특이적인 반응을 나타내는지 확인하기 위하여 인간, 소, 개, 고양이의 면역글로불린 G를 처리하여 형광 세기를 측정해보았다. 그 결과, AS-10 본 결과를 통해 개발된 압타센서가 비록 종 간 특이성은 낮지만, 위양성요소에 대한 비특이과 AS-11에서 인간 면역글로불린 G뿐만 아니라 소, 개, 고양이의 면역글로불린 G에서도 20) 정주연 외, 새로운 루미놀 기반 혈흔 탐지 시약이 디엔에이에 미치는 영향에 대한 연구. 분석과학, 2018, 31(2), 경찰학연구 제23권 제4호(통권 제76호)

<그림 9> 인간, 소, 개, 고양이 면역글로불린 G에 대한 압타센서 활 4. DNA 추출과 정량에 미치는 영향","(그림을 보이는 위양성 물질들이 잘 알려져 있다. 금속이온, 식물의 과산화효소, 가정용 표백제, 본 연구에서 개발한 압타센서가 위양성 물질들에 반응하는지 관찰하였다. 먼저, 앞서 제작

20), 가정용 표백제를 처리하여 형광 세기를 측정해보았다. 그 결압타머를 이용한 새로운 혈흔 탐지 방법의 개발과, AS-10과 AS-11의 압타센서는 인간 면역글로불린 G에서만 특이적으로 형광 세기가 증가함을 관찰하였다 (그림 8). 다만, 금속염인 철과 망간에서는 형광 세기가 음성대조군보다 더 감소함을 관찰하였는데, 이는 금속이온에 의한 형광 간섭으로 사료되었다.","다만, 금속염인 철과 망간에서는 형광 세기가 음성대조군보다 더 감소함을 관찰하였는데, 이는 금속이온에 의한 형광 간섭으로 사료되었다. <그림 8> 루미놀 반시 위양성 요소에 대한 압타센서의 활

다음으로, 제작한 압타센서가 인간 특이적인 반응을 나타내는지 확인하기 위하여 인간, 소, 개, 고양이의 면역글로불린 G를 처리하여 형광 세기를 측정해보았다. 그 결과, AS-10 본 결과를 통해 개발된 압타센서가 비록 종 간 특이성은 낮지만, 위양성요소에 대한 비특이과 AS-11에서 인간 면역글로불린 G뿐만 아니라 소, 개, 고양이의 면역글로불린 G에서도 20) 정주연 외, 새로운 루미놀 기반 혈흔 탐지 시약이 디엔에이에 미치는 영향에 대한 연구. 분석과학, 2018, 31(2), 경찰학연구 제23권 제4호(통권 제76호)

<그림 9> 인간, 소, 개, 고양이 면역글로불린 G에 대한 압타센서 활",6,1,3
bio_04__gemini_s08_c01,주요 방해 물질 및 종 특이성 비교,w3_055 w3_056 w3_057,"<그림 7> 인간 혈흔에 대한 압타센서의 활

혈액 예비시험의 가장 대표적인 방법으로 쓰이는 루미놀은 혈흔 이외에 비특이적인 반응실험결과, AS-10과 AS-11을 처리한 혈흔에서 뚜렷하게 형광이 발광됨을 확인하였다 (그림을 보이는 위양성 물질들이 잘 알려져 있다. 금속이온, 식물의 과산화효소, 가정용 표백제, 본 연구에서 개발한 압타센서가 위양성 물질들에 반응하는지 관찰하였다. 먼저, 앞서 제작

20), 가정용 표백제를 처리하여 형광 세기를 측정해보았다. 그 결압타머를 이용한 새로운 혈흔 탐지 방법의 개발과, AS-10과 AS-11의 압타센서는 인간 면역글로불린 G에서만 특이적으로 형광 세기가 증가함을 관찰하였다 (그림 8).","[예린] 그 결과, AS-10과 AS-11의 압타센서는 인간 면역글로불린 G에서만 특이적으로 형광 세기가 증가함을 관찰하였다.",w3_023,w3_058,w3_078,"를 이루어 단백질, 화합물과 같은 타겟 물질에 높은 친화성과 특이성으로 결합한다. 압타머 사 시 이용하는 전립선특이항원 (prostate specific antigen)을 타겟으로 하는 연구를 수인체유류체액에 대한 압타머의 활용가능성에 대한 연구가 보고된 바 있다. Joo-Young","다만, 금속염인 철과 망간에서는 형광 세기가 음성대조군보다 더 감소함을 관찰하였는데, 이는 금속이온에 의한 형광 간섭으로 사료되었다. <그림 8> 루미놀 반시 위양성 요소에 대한 압타센서의 활

다음으로, 제작한 압타센서가 인간 특이적인 반응을 나타내는지 확인하기 위하여 인간, 소, 개, 고양이의 면역글로불린 G를 처리하여 형광 세기를 측정해보았다. 그 결과, AS-10 본 결과를 통해 개발된 압타센서가 비록 종 간 특이성은 낮지만, 위양성요소에 대한 비특이과 AS-11에서 인간 면역글로불린 G뿐만 아니라 소, 개, 고양이의 면역글로불린 G에서도 20) 정주연 외, 새로운 루미놀 기반 혈흔 탐지 시약이 디엔에이에 미치는 영향에 대한 연구. 분석과학, 2018, 31(2), 경찰학연구 제23권 제4호(통권 제76호)

<그림 9> 인간, 소, 개, 고양이 면역글로불린 G에 대한 압타센서 활","1. 혼성화방법으로 압타센서를 제작할 때, 인간 면역글로불린 G압타머의 상보적 DNA가 압타머의 3’말단을 기준으로 10 base pair와 11 base pair을 이루었을 때 가장 효과 적이었고, 상보적 DNA의 농도가 350nM일 때 가장 효율이 높음을 관찰하였다. 2. 개발된 AS-10과 AS-11의 압타센서에 대해 압타센서와 인간 면역글로불린의 증가된 농도에 따라 형광 세기가 증가함을 관찰하였으며, 이는 개발된 압타센서가 안정적으로 작동함을 확인하였다. 3. 압타센서는 인간 혈흔을 민감하게 탐지하고 루미놀 반응 시 관찰되는 위양성 요소에 대한 비특이적 반응이 관찰되지 않았으며, 혈흔 식별 과정 이후에 행해지는 DNA 추 출, 정량 및 DNA 프로필 분석에도 영향을 미치지 않았다. 다만, 종 간 특이성이 낮기 때문에 압타센서를 법과학 분야에 적용 시 인간 특이성 검증이 추가적으로 수행되어야 할 것으로 사료된다. < 논문접수 2023. 10. 30, 심사개시 2023. 11. 20, 게재확정 2023. 12. 18. >

출, 정량 및 DNA 프로필 분석에도 영향을 미치지 않았다. 다만, 종 간 특이성이 낮기

때문에 압타센서를 법과학 분야에 적용 시 인간 특이성 검증이 추가적으로 수행되어야

할 것으로 사료된다.

< 논문접수 2023. 10. 30, 심사개시 2023. 11. 20, 게재확정 2023. 12. 18. > 경찰학연구 제23권 제4호(통권 제76호)

참고문헌 Ⅰ. 논문 1. 국외문헌",6,3,2
bio_04__gemini_s08_c03,인간 혈액 (Human Blood) | 발광 반응 | 형광 발산 | 진양성 (True Positive),w3_053 w3_054 w3_055,"이러한 특징을 고려하여, 제작한 압타센서가 혈흔 상태에서도 발광하는지 확인하였다. 먼저, 인간 혈액을 실온에서 24시간 건조시켜 혈흔 상태로 만들고 압타센서를 처리하여 형광을 관찰하였다. <그림 7> 인간 혈흔에 대한 압타센서의 활

혈액 예비시험의 가장 대표적인 방법으로 쓰이는 루미놀은 혈흔 이외에 비특이적인 반응실험결과, AS-10과 AS-11을 처리한 혈흔에서 뚜렷하게 형광이 발광됨을 확인하였다","[예린] 실험결과, AS-10과 AS-11을 처리한 혈흔에서 뚜렷하게 형광이 발광됨을 확인하였다.",w3_054,w3_054,w3_054,"먼저, 인간 혈액을 실온에서 24시간 건조시켜 혈흔 상태로 만들고 압타센서를 처리하여 형광을 관찰하였다. <그림 7> 인간 혈흔에 대한 압타센서의 활

혈액 예비시험의 가장 대표적인 방법으로 쓰이는 루미놀은 혈흔 이외에 비특이적인 반응실험결과, AS-10과 AS-11을 처리한 혈흔에서 뚜렷하게 형광이 발광됨을 확인하였다 (그림을 보이는 위양성 물질들이 잘 알려져 있다. 금속이온, 식물의 과산화효소, 가정용 표백제, 본 연구에서 개발한 압타센서가 위양성 물질들에 반응하는지 관찰하였다. 먼저, 앞서 제작

20), 가정용 표백제를 처리하여 형광 세기를 측정해보았다.","먼저, 인간 혈액을 실온에서 24시간 건조시켜 혈흔 상태로 만들고 압타센서를 처리하여 형광을 관찰하였다. <그림 7> 인간 혈흔에 대한 압타센서의 활

혈액 예비시험의 가장 대표적인 방법으로 쓰이는 루미놀은 혈흔 이외에 비특이적인 반응실험결과, AS-10과 AS-11을 처리한 혈흔에서 뚜렷하게 형광이 발광됨을 확인하였다 (그림을 보이는 위양성 물질들이 잘 알려져 있다. 금속이온, 식물의 과산화효소, 가정용 표백제, 본 연구에서 개발한 압타센서가 위양성 물질들에 반응하는지 관찰하였다. 먼저, 앞서 제작

20), 가정용 표백제를 처리하여 형광 세기를 측정해보았다.","먼저, 인간 혈액을 실온에서 24시간 건조시켜 혈흔 상태로 만들고 압타센서를 처리하여 형광을 관찰하였다. <그림 7> 인간 혈흔에 대한 압타센서의 활

혈액 예비시험의 가장 대표적인 방법으로 쓰이는 루미놀은 혈흔 이외에 비특이적인 반응실험결과, AS-10과 AS-11을 처리한 혈흔에서 뚜렷하게 형광이 발광됨을 확인하였다 (그림을 보이는 위양성 물질들이 잘 알려져 있다. 금속이온, 식물의 과산화효소, 가정용 표백제, 본 연구에서 개발한 압타센서가 위양성 물질들에 반응하는지 관찰하였다. 먼저, 앞서 제작

20), 가정용 표백제를 처리하여 형광 세기를 측정해보았다.",1,1,1
bio_04__gemini_s08_c04,유한락스 (Bleach) | 강한 위양성 | 미반응 (소광) | 위양성 오류 차단,w3_055 w3_056 w3_057,"<그림 7> 인간 혈흔에 대한 압타센서의 활

혈액 예비시험의 가장 대표적인 방법으로 쓰이는 루미놀은 혈흔 이외에 비특이적인 반응실험결과, AS-10과 AS-11을 처리한 혈흔에서 뚜렷하게 형광이 발광됨을 확인하였다 (그림을 보이는 위양성 물질들이 잘 알려져 있다. 금속이온, 식물의 과산화효소, 가정용 표백제, 본 연구에서 개발한 압타센서가 위양성 물질들에 반응하는지 관찰하였다. 먼저, 앞서 제작

20), 가정용 표백제를 처리하여 형광 세기를 측정해보았다. 그 결압타머를 이용한 새로운 혈흔 탐지 방법의 개발과, AS-10과 AS-11의 압타센서는 인간 면역글로불린 G에서만 특이적으로 형광 세기가 증가함을 관찰하였다 (그림 8).","[예린] 그 결과, AS-10과 AS-11의 압타센서는 인간 면역글로불린 G에서만 특이적으로 형광 세기가 증가함을 관찰하였다.",w3_059,w3_059,w3_059,"<그림 8> 루미놀 반시 위양성 요소에 대한 압타센서의 활

다음으로, 제작한 압타센서가 인간 특이적인 반응을 나타내는지 확인하기 위하여 인간, 소, 개, 고양이의 면역글로불린 G를 처리하여 형광 세기를 측정해보았다. 그 결과, AS-10 본 결과를 통해 개발된 압타센서가 비록 종 간 특이성은 낮지만, 위양성요소에 대한 비특이과 AS-11에서 인간 면역글로불린 G뿐만 아니라 소, 개, 고양이의 면역글로불린 G에서도 20) 정주연 외, 새로운 루미놀 기반 혈흔 탐지 시약이 디엔에이에 미치는 영향에 대한 연구. 분석과학, 2018, 31(2), 경찰학연구 제23권 제4호(통권 제76호)

<그림 9> 인간, 소, 개, 고양이 면역글로불린 G에 대한 압타센서 활 4. DNA 추출과 정량에 미치는 영향","<그림 8> 루미놀 반시 위양성 요소에 대한 압타센서의 활

다음으로, 제작한 압타센서가 인간 특이적인 반응을 나타내는지 확인하기 위하여 인간, 소, 개, 고양이의 면역글로불린 G를 처리하여 형광 세기를 측정해보았다. 그 결과, AS-10 본 결과를 통해 개발된 압타센서가 비록 종 간 특이성은 낮지만, 위양성요소에 대한 비특이과 AS-11에서 인간 면역글로불린 G뿐만 아니라 소, 개, 고양이의 면역글로불린 G에서도 20) 정주연 외, 새로운 루미놀 기반 혈흔 탐지 시약이 디엔에이에 미치는 영향에 대한 연구. 분석과학, 2018, 31(2), 경찰학연구 제23권 제4호(통권 제76호)

<그림 9> 인간, 소, 개, 고양이 면역글로불린 G에 대한 압타센서 활 4. DNA 추출과 정량에 미치는 영향","<그림 8> 루미놀 반시 위양성 요소에 대한 압타센서의 활

다음으로, 제작한 압타센서가 인간 특이적인 반응을 나타내는지 확인하기 위하여 인간, 소, 개, 고양이의 면역글로불린 G를 처리하여 형광 세기를 측정해보았다. 그 결과, AS-10 본 결과를 통해 개발된 압타센서가 비록 종 간 특이성은 낮지만, 위양성요소에 대한 비특이과 AS-11에서 인간 면역글로불린 G뿐만 아니라 소, 개, 고양이의 면역글로불린 G에서도 20) 정주연 외, 새로운 루미놀 기반 혈흔 탐지 시약이 디엔에이에 미치는 영향에 대한 연구. 분석과학, 2018, 31(2), 경찰학연구 제23권 제4호(통권 제76호)

<그림 9> 인간, 소, 개, 고양이 면역글로불린 G에 대한 압타센서 활 4. DNA 추출과 정량에 미치는 영향",5,2,3
bio_04__gemini_s08_c05,식물 과산화효소 (양배추/마늘) | 위양성 반응 | 미반응 (소광) | 교차반응 차단,w3_055 w3_056 w3_057,"<그림 7> 인간 혈흔에 대한 압타센서의 활

혈액 예비시험의 가장 대표적인 방법으로 쓰이는 루미놀은 혈흔 이외에 비특이적인 반응실험결과, AS-10과 AS-11을 처리한 혈흔에서 뚜렷하게 형광이 발광됨을 확인하였다 (그림을 보이는 위양성 물질들이 잘 알려져 있다. 금속이온, 식물의 과산화효소, 가정용 표백제, 본 연구에서 개발한 압타센서가 위양성 물질들에 반응하는지 관찰하였다. 먼저, 앞서 제작

20), 가정용 표백제를 처리하여 형광 세기를 측정해보았다. 그 결압타머를 이용한 새로운 혈흔 탐지 방법의 개발과, AS-10과 AS-11의 압타센서는 인간 면역글로불린 G에서만 특이적으로 형광 세기가 증가함을 관찰하였다 (그림 8).","[예린] 그 결과, AS-10과 AS-11의 압타센서는 인간 면역글로불린 G에서만 특이적으로 형광 세기가 증가함을 관찰하였다.",w3_054,w3_056,w3_054,"먼저, 인간 혈액을 실온에서 24시간 건조시켜 혈흔 상태로 만들고 압타센서를 처리하여 형광을 관찰하였다. <그림 7> 인간 혈흔에 대한 압타센서의 활

혈액 예비시험의 가장 대표적인 방법으로 쓰이는 루미놀은 혈흔 이외에 비특이적인 반응실험결과, AS-10과 AS-11을 처리한 혈흔에서 뚜렷하게 형광이 발광됨을 확인하였다 (그림을 보이는 위양성 물질들이 잘 알려져 있다. 금속이온, 식물의 과산화효소, 가정용 표백제, 본 연구에서 개발한 압타센서가 위양성 물질들에 반응하는지 관찰하였다. 먼저, 앞서 제작

20), 가정용 표백제를 처리하여 형광 세기를 측정해보았다.","(그림을 보이는 위양성 물질들이 잘 알려져 있다. 금속이온, 식물의 과산화효소, 가정용 표백제, 본 연구에서 개발한 압타센서가 위양성 물질들에 반응하는지 관찰하였다. 먼저, 앞서 제작

20), 가정용 표백제를 처리하여 형광 세기를 측정해보았다. 그 결압타머를 이용한 새로운 혈흔 탐지 방법의 개발과, AS-10과 AS-11의 압타센서는 인간 면역글로불린 G에서만 특이적으로 형광 세기가 증가함을 관찰하였다 (그림 8). 다만, 금속염인 철과 망간에서는 형광 세기가 음성대조군보다 더 감소함을 관찰하였는데, 이는 금속이온에 의한 형광 간섭으로 사료되었다.","먼저, 인간 혈액을 실온에서 24시간 건조시켜 혈흔 상태로 만들고 압타센서를 처리하여 형광을 관찰하였다. <그림 7> 인간 혈흔에 대한 압타센서의 활

혈액 예비시험의 가장 대표적인 방법으로 쓰이는 루미놀은 혈흔 이외에 비특이적인 반응실험결과, AS-10과 AS-11을 처리한 혈흔에서 뚜렷하게 형광이 발광됨을 확인하였다 (그림을 보이는 위양성 물질들이 잘 알려져 있다. 금속이온, 식물의 과산화효소, 가정용 표백제, 본 연구에서 개발한 압타센서가 위양성 물질들에 반응하는지 관찰하였다. 먼저, 앞서 제작

20), 가정용 표백제를 처리하여 형광 세기를 측정해보았다.",2,1,2
bio_04__gemini_s08_c06,동물 혈액 (Bovine/Cat/Dog) | 구별 불가 | 미반응 (소광) | 인혈 종 특이성 확보,w3_058,"다만, 금속염인 철과 망간에서는 형광 세기가 음성대조군보다 더 감소함을 관찰하였는데, 이는 금속이온에 의한 형광 간섭으로 사료되었다. <그림 8> 루미놀 반시 위양성 요소에 대한 압타센서의 활

다음으로, 제작한 압타센서가 인간 특이적인 반응을 나타내는지 확인하기 위하여 인간, 소, 개, 고양이의 면역글로불린 G를 처리하여 형광 세기를 측정해보았다. 그 결과, AS-10 본 결과를 통해 개발된 압타센서가 비록 종 간 특이성은 낮지만, 위양성요소에 대한 비특이과 AS-11에서 인간 면역글로불린 G뿐만 아니라 소, 개, 고양이의 면역글로불린 G에서도 20) 정주연 외, 새로운 루미놀 기반 혈흔 탐지 시약이 디엔에이에 미치는 영향에 대한 연구. 분석과학, 2018, 31(2), 경찰학연구 제23권 제4호(통권 제76호)

<그림 9> 인간, 소, 개, 고양이 면역글로불린 G에 대한 압타센서 활","[예린] 그 결과, AS-10과 AS-11에서 인간 면역글로불린 G뿐만 아니라 소, 개, 고양이의 면역글로불린 G에서도 형광 세기가 비특이적으로 증가함을 관찰하였으며, 인간, 고양이, 소, 개 순으로 형광 세기의 증가를 보였다.",w3_058,w3_059,w3_060,"다만, 금속염인 철과 망간에서는 형광 세기가 음성대조군보다 더 감소함을 관찰하였는데, 이는 금속이온에 의한 형광 간섭으로 사료되었다. <그림 8> 루미놀 반시 위양성 요소에 대한 압타센서의 활

다음으로, 제작한 압타센서가 인간 특이적인 반응을 나타내는지 확인하기 위하여 인간, 소, 개, 고양이의 면역글로불린 G를 처리하여 형광 세기를 측정해보았다. 그 결과, AS-10 본 결과를 통해 개발된 압타센서가 비록 종 간 특이성은 낮지만, 위양성요소에 대한 비특이과 AS-11에서 인간 면역글로불린 G뿐만 아니라 소, 개, 고양이의 면역글로불린 G에서도 20) 정주연 외, 새로운 루미놀 기반 혈흔 탐지 시약이 디엔에이에 미치는 영향에 대한 연구. 분석과학, 2018, 31(2), 경찰학연구 제23권 제4호(통권 제76호)

<그림 9> 인간, 소, 개, 고양이 면역글로불린 G에 대한 압타센서 활","<그림 8> 루미놀 반시 위양성 요소에 대한 압타센서의 활

다음으로, 제작한 압타센서가 인간 특이적인 반응을 나타내는지 확인하기 위하여 인간, 소, 개, 고양이의 면역글로불린 G를 처리하여 형광 세기를 측정해보았다. 그 결과, AS-10 본 결과를 통해 개발된 압타센서가 비록 종 간 특이성은 낮지만, 위양성요소에 대한 비특이과 AS-11에서 인간 면역글로불린 G뿐만 아니라 소, 개, 고양이의 면역글로불린 G에서도 20) 정주연 외, 새로운 루미놀 기반 혈흔 탐지 시약이 디엔에이에 미치는 영향에 대한 연구. 분석과학, 2018, 31(2), 경찰학연구 제23권 제4호(통권 제76호)

<그림 9> 인간, 소, 개, 고양이 면역글로불린 G에 대한 압타센서 활 4. DNA 추출과 정량에 미치는 영향","그 결과, AS-10 본 결과를 통해 개발된 압타센서가 비록 종 간 특이성은 낮지만, 위양성요소에 대한 비특이과 AS-11에서 인간 면역글로불린 G뿐만 아니라 소, 개, 고양이의 면역글로불린 G에서도 20) 정주연 외, 새로운 루미놀 기반 혈흔 탐지 시약이 디엔에이에 미치는 영향에 대한 연구. 분석과학, 2018, 31(2), 경찰학연구 제23권 제4호(통권 제76호)

<그림 9> 인간, 소, 개, 고양이 면역글로불린 G에 대한 압타센서 활 4. DNA 추출과 정량에 미치는 영향 범죄 현장에서 발견된 혈흔 증거물은 혈흔 예비검사를 통해 인체분비물 확정 후 신원확인을 위해 DNA를 추출, 정량한 다음 유전자 분석을 수행한다.",1,9,5
bio_04__gemini_s09_c01,실제 증거물 적용 및 형광 탐지,w3_053 w3_054 w3_055,"이러한 특징을 고려하여, 제작한 압타센서가 혈흔 상태에서도 발광하는지 확인하였다. 먼저, 인간 혈액을 실온에서 24시간 건조시켜 혈흔 상태로 만들고 압타센서를 처리하여 형광을 관찰하였다. <그림 7> 인간 혈흔에 대한 압타센서의 활

혈액 예비시험의 가장 대표적인 방법으로 쓰이는 루미놀은 혈흔 이외에 비특이적인 반응실험결과, AS-10과 AS-11을 처리한 혈흔에서 뚜렷하게 형광이 발광됨을 확인하였다","[예린] 실험결과, AS-10과 AS-11을 처리한 혈흔에서 뚜렷하게 형광이 발광됨을 확인하였다.",w3_032,w3_009,w3_032,혈액은 Innovative research (USA)에서 구매하여 사 는 새로운 형태의 혈흔탐지방법에 대한 법과학 분야의 적용 가능성에 대해 고찰하였다. 용하였다. 특이성 시험에 사용된 철과 망간은 각각 Iron(II) sulfate heptahydrate 압타머를 이용한 새로운 혈흔 탐지 방법의 개발 2. 압타센서 처리 및 형광 측정,"새로 개발된 압타센서는 인간 면역글로 불린 G의 농도 증가에 따라 약 2배의 형광 세기가 증가하였으며, 이를 통해 압타센서가 효과적으로 작

주제어: 압타머 (Aptamer), 인간 면역글로불린 G (Human immunoglobulin G), 루미놀

(Luminol), 혈흔 식별 (Bloodstain identification), 디엔에이 프로필 (DNA profile) ❖ 이 논문은 행정안전부 주관 국립과학수사연구원 중장기 과학 수사 감정 기법 연구 개발(R&D)사업의 지원을 받아 수행한

연구임(NFS2023DNA02) 경찰학연구 제23권 제4호(통권 제76호) Ⅰ. 서 론 범죄 현장에서 채취된 증거물은 사건 해결에 중요한 단서를 제공할 수 있으며, 특히 지 문, 혈흔, 타액, 정액 및 모발과 같은 생물학적 증거물은 개인 식별을 통한 사건 해결에 중

일반적으로 혈흔으로 의심되는 증거물에 대해서는 예비시험 (presumptive assay)과 확증시험 (confirmatory assay)을 통해 혈액 및 인혈 여부를 판단한다.",혈액은 Innovative research (USA)에서 구매하여 사 는 새로운 형태의 혈흔탐지방법에 대한 법과학 분야의 적용 가능성에 대해 고찰하였다. 용하였다. 특이성 시험에 사용된 철과 망간은 각각 Iron(II) sulfate heptahydrate 압타머를 이용한 새로운 혈흔 탐지 방법의 개발 2. 압타센서 처리 및 형광 측정,못 찾음,2,9
bio_04__gemini_s09_c03,Step 2. 압타센서 분무/반응 IgG 표적 압타센서 처리를 통한 형광 반응 유도,w3_053 w3_054 w3_055,"이러한 특징을 고려하여, 제작한 압타센서가 혈흔 상태에서도 발광하는지 확인하였다. 먼저, 인간 혈액을 실온에서 24시간 건조시켜 혈흔 상태로 만들고 압타센서를 처리하여 형광을 관찰하였다. <그림 7> 인간 혈흔에 대한 압타센서의 활

혈액 예비시험의 가장 대표적인 방법으로 쓰이는 루미놀은 혈흔 이외에 비특이적인 반응실험결과, AS-10과 AS-11을 처리한 혈흔에서 뚜렷하게 형광이 발광됨을 확인하였다","[예린] 실험결과, AS-10과 AS-11을 처리한 혈흔에서 뚜렷하게 형광이 발광됨을 확인하였다.",w3_074,w3_074,w3_074,"2. 개발된 AS-10과 AS-11의 압타센서에 대해 압타센서와 인간 면역글로불린의 증가된 농도에 따라 형광 세기가 증가함을 관찰하였으며, 이는 개발된 압타센서가 안정적으로

작동함을 확인하였다. 3. 압타센서는 인간 혈흔을 민감하게 탐지하고 루미놀 반응 시 관찰되는 위양성 요소에","2. 개발된 AS-10과 AS-11의 압타센서에 대해 압타센서와 인간 면역글로불린의 증가된 농도에 따라 형광 세기가 증가함을 관찰하였으며, 이는 개발된 압타센서가 안정적으로

작동함을 확인하였다. 3. 압타센서는 인간 혈흔을 민감하게 탐지하고 루미놀 반응 시 관찰되는 위양성 요소에","2. 개발된 AS-10과 AS-11의 압타센서에 대해 압타센서와 인간 면역글로불린의 증가된 농도에 따라 형광 세기가 증가함을 관찰하였으며, 이는 개발된 압타센서가 안정적으로

작동함을 확인하였다. 3. 압타센서는 인간 혈흔을 민감하게 탐지하고 루미놀 반응 시 관찰되는 위양성 요소에",2,11,2
bio_04__gemini_s10_c01,후속 유전자 분석 연계 워크플로우,w3_068 w3_069 w3_070,"Ⅳ. 결 론 본 연구에서는 인간 특이적인 혈흔 검출의 새로운 방법을 제시하기 위하여 인간 면역글로

불린 G 압타머를 이용하여 압타센서를 제작하고 인간 혈흔 탐지능력의 검증과 법과학적 유

으로 보아 혈흔 탐지를 위한 새로운 기법으로 사용될 수 있음을 판단하였다. x148 경찰학연구 제23권 제4호(통권 제76호) <그림 12> 압타센서 처리 후 분석된 DNA 프로파일링 (A: GlobalFiler™ PCR Amplification Kit, B: PowerPle x® Fusion System) 이로써, 본 연구에서 개발한 AS-10과 AS-11은 혈흔 탐지를 위한 새로운 기법으로 혈흔 예비검사 이후 수행되는 DNA 추출, 정량 및 DNA 프로필 분석에도 영향을 미치지 않는 것 으로 보아 혈흔 탐지를 위한 새로운 기법으로 사용될 수 있음을 판단하였다.","[예린] 이로써, 본 연구에서 개발한 AS-10과 AS-11은 혈흔 탐지를 위한 새로운 기법으로 혈흔 예비검사 이후 수행되는 DNA 추출, 정량 및 DNA 프로필 분석에도 영향을 미치지 않는 것으로 보아 혈흔 탐지를 위한 새로운 기법으로 사용될 수 있음을 판단하였다.",w3_005,w3_040,w3_060,"Ⅳ. 결론 〉〉 국 문 요 약 〈〈

범죄 현장에서 혈흔 분석을 통한 개인식별은 사건현장을 재구성하거나 피의자를 찾아내고 범인을 특정하는데 매우 중요하다. 법과학 분야에서의 혈흔 분석은 혈청학적 식별을 포함하여 혈흔 형태에 의한 사건 분석 및 유전자 분석 등 매우 중요한 생물학적 증거물 분석의 한 방법이지만, 범죄 현장에서 혈흔을 보다 효과적으로 검출할 수 있는 식별 기술은 지속적인 연구필요성이 요구되어지고 있다.","4. DNA 프로필 분석 압타센서가 DNA 프로필 분석에 영향을 미치는지 확인하기 위하여, 추출한 DNA를 각각경찰학연구 제23권 제4호(통권 제76호)

의 차이는 일원 배치 분산분석 (one-way ANOVA)을 실시하고 사후검사로는 Tukey’s

multiple comparison test로 유의성을 검정하였다. *P < 0 . 0 5 , * *P < 0 . 0 1 , * * *P < 0.001 Ⅲ. 결과 및 고찰","그 결과, AS-10 본 결과를 통해 개발된 압타센서가 비록 종 간 특이성은 낮지만, 위양성요소에 대한 비특이과 AS-11에서 인간 면역글로불린 G뿐만 아니라 소, 개, 고양이의 면역글로불린 G에서도 20) 정주연 외, 새로운 루미놀 기반 혈흔 탐지 시약이 디엔에이에 미치는 영향에 대한 연구. 분석과학, 2018, 31(2), 경찰학연구 제23권 제4호(통권 제76호)

<그림 9> 인간, 소, 개, 고양이 면역글로불린 G에 대한 압타센서 활 4. DNA 추출과 정량에 미치는 영향 범죄 현장에서 발견된 혈흔 증거물은 혈흔 예비검사를 통해 인체분비물 확정 후 신원확인을 위해 DNA를 추출, 정량한 다음 유전자 분석을 수행한다.",18,3,3
bio_04__gemini_s10_c02,1. 압타센서 탐지,w3_068 w3_069 w3_070,"Ⅳ. 결 론 본 연구에서는 인간 특이적인 혈흔 검출의 새로운 방법을 제시하기 위하여 인간 면역글로

불린 G 압타머를 이용하여 압타센서를 제작하고 인간 혈흔 탐지능력의 검증과 법과학적 유

으로 보아 혈흔 탐지를 위한 새로운 기법으로 사용될 수 있음을 판단하였다. x148 경찰학연구 제23권 제4호(통권 제76호) <그림 12> 압타센서 처리 후 분석된 DNA 프로파일링 (A: GlobalFiler™ PCR Amplification Kit, B: PowerPle x® Fusion System) 이로써, 본 연구에서 개발한 AS-10과 AS-11은 혈흔 탐지를 위한 새로운 기법으로 혈흔 예비검사 이후 수행되는 DNA 추출, 정량 및 DNA 프로필 분석에도 영향을 미치지 않는 것 으로 보아 혈흔 탐지를 위한 새로운 기법으로 사용될 수 있음을 판단하였다.","[예린] 이로써, 본 연구에서 개발한 AS-10과 AS-11은 혈흔 탐지를 위한 새로운 기법으로 혈흔 예비검사 이후 수행되는 DNA 추출, 정량 및 DNA 프로필 분석에도 영향을 미치지 않는 것으로 보아 혈흔 탐지를 위한 새로운 기법으로 사용될 수 있음을 판단하였다.",w3_028,w3_027,w3_027,Ⅱ. 재료 및 방법 1. 시료 및 압타센서 제작 압타센서가 DNA 추출과 정량에 미치는 영향을 연구하였다.,"8 ) C r e a m e r J I 외 , A c o m p r e h e n s i v e e x p e r i m e n t a l s t u d y o f i n d u s t r ial, domestic and environmental 경찰학연구 제23권 제4호(통권 제76호) 보고된 바가 없으므로 본 연구를 수행하기로 하였다.

본 연구에서는 혈흔을 탐지하는 새로운 방법으로서 압타머를 이용하였다. 인간 면역글로 불린 G를 타겟하는 압타머를 이용하여 압타센서를 제작하였고 압타센서의 검증과 더불어 Ⅱ. 재료 및 방법 1. 시료 및 압타센서 제작","8 ) C r e a m e r J I 외 , A c o m p r e h e n s i v e e x p e r i m e n t a l s t u d y o f i n d u s t r ial, domestic and environmental 경찰학연구 제23권 제4호(통권 제76호) 보고된 바가 없으므로 본 연구를 수행하기로 하였다.

본 연구에서는 혈흔을 탐지하는 새로운 방법으로서 압타머를 이용하였다. 인간 면역글로 불린 G를 타겟하는 압타머를 이용하여 압타센서를 제작하였고 압타센서의 검증과 더불어 Ⅱ. 재료 및 방법 1. 시료 및 압타센서 제작",3,17,13
bio_04__gemini_s10_c04,2. DNA 추출,w3_036 w3_037 w3_038,"실험에 사용한 측정 장비로는 Varioskan 3. DNA 추출 및 정량 DNA 추출 방법은 컬럼을 이용한 방식으로 QIAmp DNA micro kit (Qiagen, LUX Multimode Microplate Reader (Thermo Fisher Scientific, USA)을 사용하였다. Germany)를 사용자 지침서에 따라 사용하였다.","[예린] DNA 추출 방법은 컬럼을 이용한 방식으로 QIAmp DNA micro kit (Qiagen, Germany)를 사용자 지침서에 따라 사용하였다.",w3_062,w3_037,w3_037,"범죄 현장에서 발견된 혈흔 증거물은 혈흔 예비검사를 통해 인체분비물 확정 후 신원확인을 위해 DNA를 추출, 정량한 다음 유전자 분석을 수행한다. 이에 혈흔 식별에 따른 DNA 추출 및 정량에서 형광 간섭에 의한 위양성 여부를 확인하는 실험을 수행하였다. 압타센서

<그림 10> 혈액에 압타센서를 처리한 후 DNA 추출 결과압타머를 이용한 새로운 혈흔 탐지 방법의 개발와 혈액을 1:5 비율로 혼합하고 DNA를 추출하였다. 대표적인 DNA 추출 방법인 컬럼 유형의 DNA 추출기법으로 DNA을 추출하고 정량값을 확인한 결과, AS-10과 AS-11에서 형광 간섭이 관찰되지 않았다 (그림 10).","3. DNA 추출 및 정량 DNA 추출 방법은 컬럼을 이용한 방식으로 QIAmp DNA micro kit (Qiagen, LUX Multimode Microplate Reader (Thermo Fisher Scientific, USA)을 사용하였다. Germany)를 사용자 지침서에 따라 사용하였다. 실험 시료는 압타센서와 혈액을 1:5 비율형광측정을 위해 96well dark plate (SPL, Korea)에 50nM의 인간 면역글로불린 G와 5μ kit (Thermo Fisher Scientific, USA)를 사용하여 사용자 지침서대로 수행하였고, 측정","3. DNA 추출 및 정량 DNA 추출 방법은 컬럼을 이용한 방식으로 QIAmp DNA micro kit (Qiagen, LUX Multimode Microplate Reader (Thermo Fisher Scientific, USA)을 사용하였다. Germany)를 사용자 지침서에 따라 사용하였다. 실험 시료는 압타센서와 혈액을 1:5 비율형광측정을 위해 96well dark plate (SPL, Korea)에 50nM의 인간 면역글로불린 G와 5μ kit (Thermo Fisher Scientific, USA)를 사용하여 사용자 지침서대로 수행하였고, 측정",5,1,1
bio_04__gemini_s10_c05,QIAamp DNA Micro 키트를 이용한 유전자 정제,w3_036 w3_037 w3_038,"실험에 사용한 측정 장비로는 Varioskan 3. DNA 추출 및 정량 DNA 추출 방법은 컬럼을 이용한 방식으로 QIAmp DNA micro kit (Qiagen, LUX Multimode Microplate Reader (Thermo Fisher Scientific, USA)을 사용하였다. Germany)를 사용자 지침서에 따라 사용하였다.","[예린] DNA 추출 방법은 컬럼을 이용한 방식으로 QIAmp DNA micro kit (Qiagen, Germany)를 사용자 지침서에 따라 사용하였다.",w3_061,w3_037,w3_060,"4. DNA 추출과 정량에 미치는 영향 범죄 현장에서 발견된 혈흔 증거물은 혈흔 예비검사를 통해 인체분비물 확정 후 신원확인을 위해 DNA를 추출, 정량한 다음 유전자 분석을 수행한다. 이에 혈흔 식별에 따른 DNA 추출 및 정량에서 형광 간섭에 의한 위양성 여부를 확인하는 실험을 수행하였다. 압타센서

<그림 10> 혈액에 압타센서를 처리한 후 DNA 추출 결과압타머를 이용한 새로운 혈흔 탐지 방법의 개발와 혈액을 1:5 비율로 혼합하고 DNA를 추출하였다.","3. DNA 추출 및 정량 DNA 추출 방법은 컬럼을 이용한 방식으로 QIAmp DNA micro kit (Qiagen, LUX Multimode Microplate Reader (Thermo Fisher Scientific, USA)을 사용하였다. Germany)를 사용자 지침서에 따라 사용하였다. 실험 시료는 압타센서와 혈액을 1:5 비율형광측정을 위해 96well dark plate (SPL, Korea)에 50nM의 인간 면역글로불린 G와 5μ kit (Thermo Fisher Scientific, USA)를 사용하여 사용자 지침서대로 수행하였고, 측정","그 결과, AS-10 본 결과를 통해 개발된 압타센서가 비록 종 간 특이성은 낮지만, 위양성요소에 대한 비특이과 AS-11에서 인간 면역글로불린 G뿐만 아니라 소, 개, 고양이의 면역글로불린 G에서도 20) 정주연 외, 새로운 루미놀 기반 혈흔 탐지 시약이 디엔에이에 미치는 영향에 대한 연구. 분석과학, 2018, 31(2), 경찰학연구 제23권 제4호(통권 제76호)

<그림 9> 인간, 소, 개, 고양이 면역글로불린 G에 대한 압타센서 활 4. DNA 추출과 정량에 미치는 영향 범죄 현장에서 발견된 혈흔 증거물은 혈흔 예비검사를 통해 인체분비물 확정 후 신원확인을 위해 DNA를 추출, 정량한 다음 유전자 분석을 수행한다.",10,1,2
bio_04__gemini_s10_c06,3. 실시간 PCR 정량,w3_037 w3_039,"3. DNA 추출 및 정량 DNA 추출 방법은 컬럼을 이용한 방식으로 QIAmp DNA micro kit (Qiagen, LUX Multimode Microplate Reader (Thermo Fisher Scientific, USA)을 사용하였다. Germany)를 사용자 지침서에 따라 사용하였다. 실험 시료는 압타센서와 혈액을 1:5 비율형광측정을 위해 96well dark plate (SPL, Korea)에 50nM의 인간 면역글로불린 G와 5μ kit (Thermo Fisher Scientific, USA)를 사용하여 사용자 지침서대로 수행하였고, 측정","[예린] 추출한 DNA의 정량은 Quantifiler™ Trio Quantification kit (Thermo Fisher Scientific, USA)를 사용하여 사용자 지침서대로 수행하였고, 측정 장비는 ABI 7500 RT-PCR (Thermo Fisher Scientific, USA) 장비를 사용하였다.",w3_066,w3_079,w3_066,"87.5, 175, 350, 700nM의 농도로 처리하고 DNA를 추출하여 정량 해 보았다. 실험결과, <그림 11> 혈액에 농도별로 압타센서를 처리한 후 DNA 정량 결과 경찰학연구 제23권 제4호(통권 제76호)

<그림 12> 압타센서 처리 후 분석된 DNA 프로파일링

(A: GlobalFiler™ PCR Amplification Kit

이로써, 본 연구에서 개발한 AS-10과 AS-11은 혈흔 탐지를 위한 새로운 기법으로 혈흔

예비검사 이후 수행되는 DNA 추출, 정량 및 DNA 프로필 분석에도 영향을 미치지 않는 것 Ⅳ. 결 론","Ⅰ. 논문 1. 국외문헌 Virkler K 외, Analysis of body fluids for forensic purposes: fro m laboratory

testing to non-destructive rapid confirmatory identification at a c r i m e

scene, Forensic Sci Int., 2009, 188(1-3), pp 1-17

L e e H Y 외 , R N A f o r B o d y F l u i d I d e n t i f i c a t i o n i n F o r e n s i c s , K o r e an J Leg

Med., 2009, 33(1), pp 84-88

An JH 외, Body fluid identification in forensics, BMB Rep., 2012 , 45(10), pp

545-553

Blum LJ 외, A New High-Performance Reagent and Procedure for Lat ent 압타머를 이용한 새로운 혈흔 탐지 방법의 개발

Satoh T 외, Detection of prostate-specific antigen in semen usin g DNA

aptamers: an application of nucleic acid aptamers in forensic b ody

fluid identification, Analytical Methods, 2020, 12(21), pp 2703 -2709

M i y a k a w a S 외 , S t r u c t u r a l a n d m o l e c u l a r b a s i s f o r h y p e r s p e c i f i c ity of RNA

aptamer to human immunoglobulin G, RNA, 2008, 14(6), pp

1154-1163

M i a o D 외 , F l u o r e s c e n t a p t a s e n s o r b a s e d o n D - A M A / F - C S C f o r t h e sensitive

and specific recognition of myoglobin, Spectrochim Acta A Mol","87.5, 175, 350, 700nM의 농도로 처리하고 DNA를 추출하여 정량 해 보았다. 실험결과, <그림 11> 혈액에 농도별로 압타센서를 처리한 후 DNA 정량 결과 경찰학연구 제23권 제4호(통권 제76호)

<그림 12> 압타센서 처리 후 분석된 DNA 프로파일링

(A: GlobalFiler™ PCR Amplification Kit

이로써, 본 연구에서 개발한 AS-10과 AS-11은 혈흔 탐지를 위한 새로운 기법으로 혈흔

예비검사 이후 수행되는 DNA 추출, 정량 및 DNA 프로필 분석에도 영향을 미치지 않는 것 Ⅳ. 결 론",6,4,2
bio_04__gemini_s10_c07,Quantifiler Trio 키트로 human DNA 정량 분석,w3_037 w3_039,"3. DNA 추출 및 정량 DNA 추출 방법은 컬럼을 이용한 방식으로 QIAmp DNA micro kit (Qiagen, LUX Multimode Microplate Reader (Thermo Fisher Scientific, USA)을 사용하였다. Germany)를 사용자 지침서에 따라 사용하였다. 실험 시료는 압타센서와 혈액을 1:5 비율형광측정을 위해 96well dark plate (SPL, Korea)에 50nM의 인간 면역글로불린 G와 5μ kit (Thermo Fisher Scientific, USA)를 사용하여 사용자 지침서대로 수행하였고, 측정","[예린] 추출한 DNA의 정량은 Quantifiler™ Trio Quantification kit (Thermo Fisher Scientific, USA)를 사용하여 사용자 지침서대로 수행하였고, 측정 장비는 ABI 7500 RT-PCR (Thermo Fisher Scientific, USA) 장비를 사용하였다.",w3_066,w3_037,w3_066,"87.5, 175, 350, 700nM의 농도로 처리하고 DNA를 추출하여 정량 해 보았다. 실험결과, <그림 11> 혈액에 농도별로 압타센서를 처리한 후 DNA 정량 결과 경찰학연구 제23권 제4호(통권 제76호)

<그림 12> 압타센서 처리 후 분석된 DNA 프로파일링

(A: GlobalFiler™ PCR Amplification Kit

이로써, 본 연구에서 개발한 AS-10과 AS-11은 혈흔 탐지를 위한 새로운 기법으로 혈흔

예비검사 이후 수행되는 DNA 추출, 정량 및 DNA 프로필 분석에도 영향을 미치지 않는 것 Ⅳ. 결 론","3. DNA 추출 및 정량 DNA 추출 방법은 컬럼을 이용한 방식으로 QIAmp DNA micro kit (Qiagen, LUX Multimode Microplate Reader (Thermo Fisher Scientific, USA)을 사용하였다. Germany)를 사용자 지침서에 따라 사용하였다. 실험 시료는 압타센서와 혈액을 1:5 비율형광측정을 위해 96well dark plate (SPL, Korea)에 50nM의 인간 면역글로불린 G와 5μ kit (Thermo Fisher Scientific, USA)를 사용하여 사용자 지침서대로 수행하였고, 측정","87.5, 175, 350, 700nM의 농도로 처리하고 DNA를 추출하여 정량 해 보았다. 실험결과, <그림 11> 혈액에 농도별로 압타센서를 처리한 후 DNA 정량 결과 경찰학연구 제23권 제4호(통권 제76호)

<그림 12> 압타센서 처리 후 분석된 DNA 프로파일링

(A: GlobalFiler™ PCR Amplification Kit

이로써, 본 연구에서 개발한 AS-10과 AS-11은 혈흔 탐지를 위한 새로운 기법으로 혈흔

예비검사 이후 수행되는 DNA 추출, 정량 및 DNA 프로필 분석에도 영향을 미치지 않는 것 Ⅳ. 결 론",못 찾음,1,13
bio_04__gemini_s10_c08,4. STR 프로파일링,w3_039,"실험 시료는 압타센서와 혈액을 1:5 비율형광측정을 위해 96well dark plate (SPL, Korea)에 50nM의 인간 면역글로불린 G와 5μ kit (Thermo Fisher Scientific, USA)를 사용하여 사용자 지침서대로 수행하였고, 측정 4. DNA 프로필 분석 압타센서가 DNA 프로필 분석에 영향을 미치는지 확인하기 위하여, 추출한 DNA를 각각경찰학연구 제23권 제4호(통권 제76호)

의 차이는 일원 배치 분산분석 (one-way ANOVA)을 실시하고 사후검사로는 Tukey’s

multiple comparison test로 유의성을 검정하였다. *P < 0 . 0 5 , * *P < 0 . 0 1 , * * *P < 0.001","[예린] 압타센서가 DNA 프로필 분석에 영향을 미치는지 확인하기 위하여, 추출한 DNA를 각각 GlobalFiler™ PCR Amplification Kit (Thermo Fisher Scientific, USA)와 PowerPlex® Fusion System (Promega, USA)를 이용하여 사용자 지침서대로 증폭하였다.",w3_040,w3_068,w3_066,"4. DNA 프로필 분석 압타센서가 DNA 프로필 분석에 영향을 미치는지 확인하기 위하여, 추출한 DNA를 각각경찰학연구 제23권 제4호(통권 제76호)

의 차이는 일원 배치 분산분석 (one-way ANOVA)을 실시하고 사후검사로는 Tukey’s

multiple comparison test로 유의성을 검정하였다. *P < 0 . 0 5 , * *P < 0 . 0 1 , * * *P < 0.001 Ⅲ. 결과 및 고찰","Ⅳ. 결 론 본 연구에서는 인간 특이적인 혈흔 검출의 새로운 방법을 제시하기 위하여 인간 면역글로

불린 G 압타머를 이용하여 압타센서를 제작하고 인간 혈흔 탐지능력의 검증과 법과학적 유

으로 보아 혈흔 탐지를 위한 새로운 기법으로 사용될 수 있음을 판단하였다. x148 경찰학연구 제23권 제4호(통권 제76호) <그림 12> 압타센서 처리 후 분석된 DNA 프로파일링 (A: GlobalFiler™ PCR Amplification Kit, B: PowerPle x® Fusion System) 이로써, 본 연구에서 개발한 AS-10과 AS-11은 혈흔 탐지를 위한 새로운 기법으로 혈흔 예비검사 이후 수행되는 DNA 추출, 정량 및 DNA 프로필 분석에도 영향을 미치지 않는 것 으로 보아 혈흔 탐지를 위한 새로운 기법으로 사용될 수 있음을 판단하였다.","87.5, 175, 350, 700nM의 농도로 처리하고 DNA를 추출하여 정량 해 보았다. 실험결과, <그림 11> 혈액에 농도별로 압타센서를 처리한 후 DNA 정량 결과 경찰학연구 제23권 제4호(통권 제76호)

<그림 12> 압타센서 처리 후 분석된 DNA 프로파일링

(A: GlobalFiler™ PCR Amplification Kit

이로써, 본 연구에서 개발한 AS-10과 AS-11은 혈흔 탐지를 위한 새로운 기법으로 혈흔

예비검사 이후 수행되는 DNA 추출, 정량 및 DNA 프로필 분석에도 영향을 미치지 않는 것 Ⅳ. 결 론",5,9,5
bio_04__gemini_s10_c09,GlobalFiler 분석을 통한 개인식별 프로필 완성,w3_039,"실험 시료는 압타센서와 혈액을 1:5 비율형광측정을 위해 96well dark plate (SPL, Korea)에 50nM의 인간 면역글로불린 G와 5μ kit (Thermo Fisher Scientific, USA)를 사용하여 사용자 지침서대로 수행하였고, 측정 4. DNA 프로필 분석 압타센서가 DNA 프로필 분석에 영향을 미치는지 확인하기 위하여, 추출한 DNA를 각각경찰학연구 제23권 제4호(통권 제76호)

의 차이는 일원 배치 분산분석 (one-way ANOVA)을 실시하고 사후검사로는 Tukey’s

multiple comparison test로 유의성을 검정하였다. *P < 0 . 0 5 , * *P < 0 . 0 1 , * * *P < 0.001","[예린] 압타센서가 DNA 프로필 분석에 영향을 미치는지 확인하기 위하여, 추출한 DNA를 각각 GlobalFiler™ PCR Amplification Kit (Thermo Fisher Scientific, USA)와 PowerPlex® Fusion System (Promega, USA)를 이용하여 사용자 지침서대로 증폭하였다.",w3_004,w3_067,w3_006,"Ⅲ. 결과 및 고찰 Ⅳ. 결론 〉〉 국 문 요 약 〈〈

범죄 현장에서 혈흔 분석을 통한 개인식별은 사건현장을 재구성하거나 피의자를 찾아내고 범인을 특정하는데 매우 중요하다.","<그림 11> 혈액에 농도별로 압타센서를 처리한 후 DNA 정량 결과 경찰학연구 제23권 제4호(통권 제76호)

<그림 12> 압타센서 처리 후 분석된 DNA 프로파일링

(A: GlobalFiler™ PCR Amplification Kit

이로써, 본 연구에서 개발한 AS-10과 AS-11은 혈흔 탐지를 위한 새로운 기법으로 혈흔

예비검사 이후 수행되는 DNA 추출, 정량 및 DNA 프로필 분석에도 영향을 미치지 않는 것 Ⅳ. 결 론 본 연구에서는 인간 특이적인 혈흔 검출의 새로운 방법을 제시하기 위하여 인간 면역글로

불린 G 압타머를 이용하여 압타센서를 제작하고 인간 혈흔 탐지능력의 검증과 법과학적 유

으로 보아 혈흔 탐지를 위한 새로운 기법으로 사용될 수 있음을 판단하였다.","〉〉 국 문 요 약 〈〈

범죄 현장에서 혈흔 분석을 통한 개인식별은 사건현장을 재구성하거나 피의자를 찾아내고 범인을 특정하는데 매우 중요하다. 법과학 분야에서의 혈흔 분석은 혈청학적 식별을 포함하여 혈흔 형태에 의한 사건 분석 및 유전자 분석 등 매우 중요한 생물학적 증거물 분석의 한 방법이지만, 범죄 현장에서 혈흔을 보다 효과적으로 검출할 수 있는 식별 기술은 지속적인 연구필요성이 요구되어지고 있다. 본 연구에서는 기존보다 효과적인 혈흔 검출의 식별방법을 제시하고자 혈액 내 존재하는 인간 면역글로불린 G를 대상으로 한 압타머를 이용하여 혈흔 검출용 압타센서를 개발하였다.",18,못 찾음,25
bio_04__gemini_s11_c01,유전자 분석 간섭성 검증 결과,w3_068 w3_069 w3_070,"Ⅳ. 결 론 본 연구에서는 인간 특이적인 혈흔 검출의 새로운 방법을 제시하기 위하여 인간 면역글로

불린 G 압타머를 이용하여 압타센서를 제작하고 인간 혈흔 탐지능력의 검증과 법과학적 유

으로 보아 혈흔 탐지를 위한 새로운 기법으로 사용될 수 있음을 판단하였다. x148 경찰학연구 제23권 제4호(통권 제76호) <그림 12> 압타센서 처리 후 분석된 DNA 프로파일링 (A: GlobalFiler™ PCR Amplification Kit, B: PowerPle x® Fusion System) 이로써, 본 연구에서 개발한 AS-10과 AS-11은 혈흔 탐지를 위한 새로운 기법으로 혈흔 예비검사 이후 수행되는 DNA 추출, 정량 및 DNA 프로필 분석에도 영향을 미치지 않는 것 으로 보아 혈흔 탐지를 위한 새로운 기법으로 사용될 수 있음을 판단하였다.","[예린] 이로써, 본 연구에서 개발한 AS-10과 AS-11은 혈흔 탐지를 위한 새로운 기법으로 혈흔 예비검사 이후 수행되는 DNA 추출, 정량 및 DNA 프로필 분석에도 영향을 미치지 않는 것으로 보아 혈흔 탐지를 위한 새로운 기법으로 사용될 수 있음을 판단하였다.",w3_062,w3_040,w3_061,"범죄 현장에서 발견된 혈흔 증거물은 혈흔 예비검사를 통해 인체분비물 확정 후 신원확인을 위해 DNA를 추출, 정량한 다음 유전자 분석을 수행한다. 이에 혈흔 식별에 따른 DNA 추출 및 정량에서 형광 간섭에 의한 위양성 여부를 확인하는 실험을 수행하였다. 압타센서

<그림 10> 혈액에 압타센서를 처리한 후 DNA 추출 결과압타머를 이용한 새로운 혈흔 탐지 방법의 개발와 혈액을 1:5 비율로 혼합하고 DNA를 추출하였다. 대표적인 DNA 추출 방법인 컬럼 유형의 DNA 추출기법으로 DNA을 추출하고 정량값을 확인한 결과, AS-10과 AS-11에서 형광 간섭이 관찰되지 않았다 (그림 10).","4. DNA 프로필 분석 압타센서가 DNA 프로필 분석에 영향을 미치는지 확인하기 위하여, 추출한 DNA를 각각경찰학연구 제23권 제4호(통권 제76호)

의 차이는 일원 배치 분산분석 (one-way ANOVA)을 실시하고 사후검사로는 Tukey’s

multiple comparison test로 유의성을 검정하였다. *P < 0 . 0 5 , * *P < 0 . 0 1 , * * *P < 0.001 Ⅲ. 결과 및 고찰","4. DNA 추출과 정량에 미치는 영향 범죄 현장에서 발견된 혈흔 증거물은 혈흔 예비검사를 통해 인체분비물 확정 후 신원확인을 위해 DNA를 추출, 정량한 다음 유전자 분석을 수행한다. 이에 혈흔 식별에 따른 DNA 추출 및 정량에서 형광 간섭에 의한 위양성 여부를 확인하는 실험을 수행하였다. 압타센서

<그림 10> 혈액에 압타센서를 처리한 후 DNA 추출 결과압타머를 이용한 새로운 혈흔 탐지 방법의 개발와 혈액을 1:5 비율로 혼합하고 DNA를 추출하였다.",20,못 찾음,26
bio_04__gemini_s11_c03,"DNA 회복율 유지: 압타센서 처리 후 DNA 정량 분석(Quantifiler Trio) 결과, 무처리 대조군과 동일 수준의 높인 DNA 농도 및 수율 확보.",w3_065 w3_066,"추가적으로, 압타센서의 농도에 따른 형광 간섭의 여부를 확인하기 위해 압타센서를 87.5, 175, 350, 700nM의 농도로 처리하고 DNA를 추출하여 정량 해 보았다. 실험결과, <그림 11> 혈액에 농도별로 압타센서를 처리한 후 DNA 정량 결과 경찰학연구 제23권 제4호(통권 제76호)

<그림 12> 압타센서 처리 후 분석된 DNA 프로파일링

(A: GlobalFiler™ PCR Amplification Kit

이로써, 본 연구에서 개발한 AS-10과 AS-11은 혈흔 탐지를 위한 새로운 기법으로 혈흔

예비검사 이후 수행되는 DNA 추출, 정량 및 DNA 프로필 분석에도 영향을 미치지 않는 것","[예린] AS-10과 AS-11는 압타센서의 4가지 농도 (87.5, 175, 350, 700nM)에서 DNA의 추출과 정량에 거의 영향을 미치지 않는 것으로 분석되었다.",w3_066,w3_066,w3_066,"87.5, 175, 350, 700nM의 농도로 처리하고 DNA를 추출하여 정량 해 보았다. 실험결과, <그림 11> 혈액에 농도별로 압타센서를 처리한 후 DNA 정량 결과 경찰학연구 제23권 제4호(통권 제76호)

<그림 12> 압타센서 처리 후 분석된 DNA 프로파일링

(A: GlobalFiler™ PCR Amplification Kit

이로써, 본 연구에서 개발한 AS-10과 AS-11은 혈흔 탐지를 위한 새로운 기법으로 혈흔

예비검사 이후 수행되는 DNA 추출, 정량 및 DNA 프로필 분석에도 영향을 미치지 않는 것 Ⅳ. 결 론","87.5, 175, 350, 700nM의 농도로 처리하고 DNA를 추출하여 정량 해 보았다. 실험결과, <그림 11> 혈액에 농도별로 압타센서를 처리한 후 DNA 정량 결과 경찰학연구 제23권 제4호(통권 제76호)

<그림 12> 압타센서 처리 후 분석된 DNA 프로파일링

(A: GlobalFiler™ PCR Amplification Kit

이로써, 본 연구에서 개발한 AS-10과 AS-11은 혈흔 탐지를 위한 새로운 기법으로 혈흔

예비검사 이후 수행되는 DNA 추출, 정량 및 DNA 프로필 분석에도 영향을 미치지 않는 것 Ⅳ. 결 론","87.5, 175, 350, 700nM의 농도로 처리하고 DNA를 추출하여 정량 해 보았다. 실험결과, <그림 11> 혈액에 농도별로 압타센서를 처리한 후 DNA 정량 결과 경찰학연구 제23권 제4호(통권 제76호)

<그림 12> 압타센서 처리 후 분석된 DNA 프로파일링

(A: GlobalFiler™ PCR Amplification Kit

이로써, 본 연구에서 개발한 AS-10과 AS-11은 혈흔 탐지를 위한 새로운 기법으로 혈흔

예비검사 이후 수행되는 DNA 추출, 정량 및 DNA 프로필 분석에도 영향을 미치지 않는 것 Ⅳ. 결 론",1,1,1
